sha256,file_name,READ_SMS,SEND_SMS,RECEIVE_SMS,SYSTEM_ALERT_WINDOW,READ_CONTACTS,INTERNET,api_getDeviceId,api_sendTextMessage,api_SmsManager,api_DexClassLoader,api_TYPE_SYSTEM_ALERT_WINDOW,api_addView,api_HttpURLConnection,api_openConnection,count_suspicious,cert_present,issuer_present,cn_matches_package,issuer_cn_google_android,subject_cn_contains_pkg,issuer_subject_cn_equal,label_contains_bank,package_contains_bank,num_domains,num_http,num_suspicious_tld,impersonation_score,pkg_official,num_dex,num_permissions,num_exported,min_sdk,target_sdk,num_activities,num_services,num_receivers,file_size_mb,main_activity_present,perm_query_all_packages,app_label_len,package_len,package_has_digit,app_label_non_ascii,label,package,version,app_label_text
001432c05b86f586aca675ecb60914473fc0ff29a09f8249e18d509b3bd18e2b,base2 (91).apk,0,0,0,0,0,1,1,0,0,0,0,1,0,1,3,1,1,0,0,0,0,0,0,200,0,0,50,0,0,0,0,-1,-1,0,0,0,0,0,1,8,13,0,0,legit,com.anz.lotus,1.0 (71579),ANZ Plus
021cb02391142e28c46eb95b1ac10aaff91483742cc2791c34e093d177df04e0,base2 (135).apk,1,1,1,1,1,1,1,1,1,0,0,1,1,1,6,1,1,0,0,0,0,0,1,200,0,0,80,0,0,0,0,-1,-1,0,0,0,0,0,0,11,20,0,0,legit,money.super.payments,1.9.8,super.money
025ab4589d6cd1a9f838445637d25ad18f06ed873cd839e52bf12c1e505b542e,com.kitchenn.apk,1,1,1,0,0,1,1,1,0,0,0,1,0,1,4,1,1,0,0,0,0,0,0,200,0,1,50,0,0,0,0,-1,-1,0,0,0,0,0,0,13,12,0,0,fake,com.kitchenn,1.0,Recetas Salud
04051e61369c9a40a9bae020805fdd22fa7e16d609c6ef5c1ae81e88b33cd8a8,base.apk,0,0,0,0,0,0,0,0,0,0,0,1,0,0,1,1,1,0,0,0,0,0,0,49,0,0,50,0,0,0,0,-1,-1,0,0,0,0,0,0,7,22,0,0,fake,com.google.ctf.sandbox,1.0,Sandbox
041ccba5d1159a13b4f26e4c9a05c221051d3f953ebca05dd6bf03bfee07fdb8,pandemidestek.apk,1,1,1,1,1,1,0,0,0,0,0,1,0,1,2,1,1,0,0,0,0,0,0,155,0,0,66,0,0,0,0,-1,-1,0,0,0,0,0,0,13,15,0,0,fake,naqsl.ebxcb.exu,1.0,pandemidestek
04e5817509754f6a3a652fcdbe4655942992faf44f9b598155983b22823de94b,base2 (175).apk,0,0,0,0,1,1,1,1,1,0,0,1,1,1,6,1,1,0,0,0,0,1,1,200,0,0,60,0,0,0,0,-1,-1,0,0,0,0,0,1,17,17,0,0,legit,com.lcode.jkbmpay,1.2.8,JKB mPay Delight+
0549071b11f4497441f1a5db24a5591e3123d78666e9e14f56f4512775681f05,Mineseeper.apk,0,0,0,0,0,1,1,0,0,0,0,1,0,1,3,1,1,0,0,0,0,0,0,200,0,0,54,0,0,0,0,-1,-1,0,0,0,0,0,0,11,27,0,0,fake,com.electronial.minesweeper,1.0,Minesweeper
05668ce828f1f417db64eee893eecccd2d90edc008e35b39b06bbe4619049d79,base (7).apk,0,0,0,1,0,1,1,1,0,0,0,1,1,1,5,1,1,0,0,0,0,0,1,200,0,0,100,0,0,0,0,-1,-1,0,0,0,0,0,0,8,28,1,0,legit,com.saraswat.mobilebankingv2,2.4.9,Saraswat
06cd6615089297c72da04561ffd8c65676304aba74d684ab0559159effbabf4f,06cd6615089297c72da04561ffd8c65676304aba74d684ab0559159effbabf4f.apk,1,1,1,0,1,1,1,0,0,0,0,1,0,1,3,1,1,0,0,0,0,0,0,200,0,2,60,0,0,0,0,-1,-1,0,0,0,0,0,0,18,21,0,0,fake,auction.ceiling.spoon,1.0,Android Guncelleme
0a7b76d68d689ff28e697f0fc1c6400f42ab570404e935cae6b88afa8b15f793,base2 (149).apk,0,0,0,0,1,1,1,0,0,0,0,1,0,1,3,1,1,0,0,0,0,0,0,200,0,0,44,0,0,0,0,-1,-1,0,0,0,0,0,1,8,18,0,0,legit,com.uob.mighty.app,18.12.0,UOB TMRW
0a7d2649b0b19b27873416d18e9035b68340eb57e61333f904dcc0cb9a31d026,DontCrackMeBro.apk,0,0,0,0,0,0,0,0,0,0,0,1,0,0,1,1,1,0,0,0,0,0,0,142,0,0,50,0,0,0,0,-1,-1,0,0,0,0,0,0,14,17,0,0,fake,dont.crack.me.bro,1.0,DontCrackMeBro
0abffb25c4ab18b800fb8c3474fcc91617be99000b080a592641216cfa00abf9,com.fincare.mb_2.19.6.apk,1,1,1,0,0,1,1,1,1,0,0,1,0,1,5,1,1,0,0,0,0,0,0,200,0,0,50,0,0,0,0,-1,-1,0,0,0,0,0,1,7,14,0,0,legit,com.fincare.mb,2.19.6,Fincare
0ac5ffee67a14735fac68c7453d427446d70898a80264908e0bead12bb7709f0,._esoteric.apk,0,0,0,0,0,0,0,0,0,0,0,0,0,0,0,0,0,0,0,0,0,0,0,0,0,0,0,0,0,0,0,-1,-1,0,0,0,0,0,0,0,0,0,0,fake,,,
0b2a58c9ca3f9d06be66b3282052b25b45f3c1ab2bf52451a006b49c4c3f929a,Bios.apk,1,1,1,1,1,1,1,0,0,0,0,1,0,1,3,1,1,0,0,0,0,0,0,200,0,0,66,0,0,0,0,-1,-1,0,0,0,0,0,0,5,26,0,1,fake,com.sohu.inputmethod.sogou,4.1,搜狗输入法
0c4b53f7c0a89862ac4eeb8745d04c1205f50c2744bbc52166e2ff91c5f984be,base2 (125).apk,0,0,0,0,1,1,1,0,0,0,0,1,0,1,3,1,1,0,0,0,0,1,1,200,0,0,100,0,0,0,0,-1,-1,0,0,0,0,0,0,12,20,0,0,legit,com.bnpp.easybanking,40.50.9,Easy Banking
0d0be16c9a849f42905aca2841735815a90f40784fbd8a86f1543cf1ce795ae9,base2 (163).apk,1,1,1,0,0,1,1,0,0,0,0,1,0,1,3,1,1,0,0,0,0,0,1,200,0,0,100,0,0,0,0,-1,-1,0,0,0,0,0,0,5,19,0,0,legit,com.finacus.rajbank,1.22,TCBRL
0dc105a22f69163758da9a52b7159ea29833071500cc50d1db3da133b21353f3,base2 (162).apk,0,0,0,0,0,1,1,0,0,0,0,1,0,1,3,1,1,0,0,0,0,0,0,200,0,0,57,0,0,0,0,-1,-1,0,0,0,0,0,0,4,13,0,0,legit,com.jdcu.jdcu,4018.0.0,JDCU
0e984757547497b8276edffc7a931c0ca04a06768d18d2a11b70ec0a0238dced,base2 (122).apk,1,1,1,0,1,1,1,1,1,0,0,1,0,1,5,1,1,0,0,0,0,1,0,200,0,0,100,0,0,0,0,-1,-1,0,0,0,0,0,0,10,15,0,0,legit,com.fss.ippbpsp,2.3.4.1,DakPay UPI
0f160eae770a6bb37afc26b5de0216c0550d24a7346f46d4447bedd22e4683d0,com.snapwork.hdfc_11.3.2.apks,1,1,1,0,1,1,1,1,1,0,0,1,1,1,6,1,1,0,0,0,0,1,0,200,0,0,100,1,0,0,0,-1,-1,0,0,0,0,0,1,9,17,0,0,legit,com.snapwork.hdfc,11.3.2,HDFC Bank
108b29d47b4d9a4dddea20c3c9732cfb89ae4cc43084e155ff8d3803e8cfa8d9,com.statetss.apk,1,1,1,0,0,1,1,1,0,0,0,1,0,1,4,1,1,0,0,0,0,0,0,200,0,1,50,0,0,0,0,-1,-1,0,0,0,0,0,0,8,12,0,0,fake,com.statetss,1.0,Statetss
12ef6c80f06bf17b38b44620c8fedab44debfc068abb910cd14db7ba285c088c,FWUpgrade.apk,0,0,0,0,0,1,1,0,0,0,0,1,0,0,2,1,1,0,0,0,0,0,0,109,0,1,66,0,0,0,0,-1,-1,0,0,0,0,0,0,15,14,0,0,fake,com.adups.fota,3.1.0.0,Wireless update
13dfb9a078d55cc8893b9ab050fc4c09817fb840d803f0957a6adeed7a74243d,com.ujjivanbank.mobilebanking_1.8.1.1.apks,1,1,1,0,0,1,1,1,1,0,0,1,0,1,5,1,1,0,0,0,0,0,1,200,0,0,100,0,0,0,0,-1,-1,0,0,0,0,0,0,7,29,0,0,legit,com.ujjivanbank.mobilebanking,1.8.1.1,Ujjivan
14287f34c44c8ea6f25ac85aeff3a6cd90ee7ff9d624502321b5164c9216afd0,base2 (108).apk,0,0,0,0,1,1,1,0,0,0,0,1,0,1,3,1,1,0,0,0,0,0,0,200,0,0,66,0,0,0,0,-1,-1,0,0,0,0,0,0,10,16,0,0,legit,com.uba.vericash,8.3.64,UBA Mobile
14af22fc011c5c8074383e9cd34356e8433d1a10d7947f2de8c38cbcb401e923,base2 (144).apk,0,0,0,0,1,1,1,0,0,0,0,1,0,1,3,1,1,0,0,0,0,1,1,200,0,11,100,0,0,0,0,-1,-1,0,0,0,0,0,1,9,22,0,0,legit,uz.kapitalbank.android,v2.23.0,Uzum Bank
153410238d01773e5c705c6d18955793bd61cb2e82c5c7656e74563bb43b3ffa,CoinSpot.apk,1,1,1,1,1,1,1,0,0,0,0,1,0,1,3,1,1,0,0,0,0,0,0,200,0,1,57,0,0,0,0,-1,-1,0,0,0,0,0,1,8,12,0,0,fake,com.top.omit,2.1,CoinSpot
16c46bcec441261e7a71db06928748ec267c174c356d265d547290fc2292f302,mixup_790cf4c4d6188bbac3586c7f022ab36c.apk,0,0,0,0,0,0,1,0,0,0,0,1,0,0,2,1,1,0,0,0,0,0,0,200,0,0,50,0,0,0,0,-1,-1,0,0,0,0,0,0,8,16,1,0,fake,com.ctf.crackme1,1.0,Crackme1
1729d1ec63571bda49151e509d3800f2b8024c73bd5eb93d1abb8a206c0e6d51,DontSmokeCrack.apk,0,0,0,0,0,0,0,0,0,0,0,1,0,0,1,1,1,0,0,0,0,0,0,141,0,0,57,0,0,0,0,-1,-1,0,0,0,0,0,0,14,16,0,0,fake,dont.smoke.crack,1.0,DontSmokeCrack
17c7dc391a0f732fe60e467540463bb00886ccbc4d9201c61c4c7f1d013e31c5,com.finopaymentbank.mobile_3.1.0.apks,1,1,1,0,1,1,1,1,1,0,0,1,0,1,5,1,1,0,0,0,0,1,1,200,0,1,100,0,0,0,0,-1,-1,0,0,0,0,0,1,7,26,0,0,legit,com.finopaymentbank.mobile,3.1.0,FinoPay
1bdd068f45d2b1b6bfc00032ab1b5419705b8453f50f77bf23e03fd2110736fd,base2 (115).apk,0,0,0,0,1,1,1,0,0,0,0,1,0,1,3,1,1,0,0,0,0,0,0,200,0,1,66,0,0,0,0,-1,-1,0,0,0,0,0,0,8,24,0,0,legit,com.finanteq.finance.bgz,2.32.1,GOmobile
1cf7b9c1188d7d1481f9d1cec2828e764a2518ced6f1a5df482f28524272be75,base (1).apk,1,1,1,0,1,1,1,1,1,0,0,1,0,1,5,1,1,0,0,0,0,1,0,200,0,0,100,0,0,0,0,-1,-1,0,0,0,0,0,0,14,16,0,0,legit,com.cub.plus.gui,1.9.9,CUB mBank Plus
1d1657c0026c166190e6c35ccd8f211feede1c009ebec0b5d18501a6c42c08ee,dynChallenge.apk,0,0,0,0,0,0,0,0,0,0,0,0,0,1,1,1,1,0,0,0,0,0,0,200,0,0,50,0,0,0,0,-1,-1,0,0,0,0,0,0,9,22,1,0,fake,com.example.buttonapp2,1.0,ButtonApp
1da8bf57d266109f9a07c01bf7111a1975ce01f190b9d914bcd3ae3dbef96f21,UnCrackable-Level1.apk,0,0,0,0,0,0,0,0,0,0,0,0,0,0,0,1,1,0,0,0,0,0,0,8,0,0,50,0,0,0,0,-1,-1,0,0,0,0,0,0,12,23,1,0,fake,owasp.mstg.uncrackable1,1.0,Uncrackable1
1e6ba5acc8e2e89739b9be299e9f2d74cb1ee7695f05ab161c75fce063561c85,Token-Generator.apk,0,0,0,0,0,0,0,0,0,0,0,0,0,0,0,1,1,0,0,0,0,0,0,200,0,0,50,0,0,0,0,-1,-1,0,0,0,0,0,0,15,31,0,0,fake,dotNetChallenge.dotNetChallenge,1.0,dotNetChallenge
1f34162dbe32e16a50a36424bc869f867a532618a8e7d5eb82ca3ca2bd932f7a,com.equitas.elevate_1.0.204.apks,1,1,1,0,1,1,1,1,1,0,0,1,0,1,5,1,1,0,0,0,0,0,0,200,0,1,66,0,0,0,0,-1,-1,0,0,0,0,0,0,11,19,0,0,legit,com.equitas.elevate,1.0.204,Equitas 2.0
20492b0816d93064b9ff437044abf6b0c2cc07cbfe71a55604d009d1abd5293d,GoAheadCrackMe.apk,0,0,0,0,0,0,0,0,0,0,0,1,0,0,1,1,1,0,0,0,0,0,0,142,0,0,50,0,0,0,0,-1,-1,0,0,0,0,0,0,14,17,0,0,fake,go.ahead.crack.me,1.0,GoAheadCrackMe
208d68c431d58e6d311ae0f2574fab85a1205fc1597e10690116bf406eb5499c,208d68c431d58e6d311ae0f2574fab85a1205fc1597e10690116bf406eb5499c.apk,1,1,1,1,1,1,1,1,0,0,0,1,0,1,4,1,1,0,0,0,0,0,0,200,0,0,40,0,0,0,0,-1,-1,0,0,0,0,0,0,4,14,0,0,fake,com.wlset.info,1.2.6,Vera
20fa354f63d66e9620b626a53cc8bb1ef43692ab3021712f2c41941779e49d33,ctfbank.apk,0,0,0,0,0,1,0,0,0,0,0,0,0,1,1,1,1,0,0,0,0,1,1,27,0,0,100,0,0,0,0,-1,-1,0,0,0,0,0,0,13,30,1,0,fake,ctf.competition.ctfbank.team18,1.0,team18CTFBank
21e51395684e858a8f231870a4ae8b11d5f69dd5aafbe162e98aea420a3350b5,base (4).apk,0,0,0,0,1,1,1,1,1,0,0,1,0,1,5,1,1,0,0,0,0,0,0,200,0,0,50,0,0,0,0,-1,-1,0,0,0,0,0,0,12,20,0,0,legit,com.npst.kagbconnect,1.0.56,KaGB Connect
2278fdb35a0d91326aa9dae3a634cf8eb40248620b8c2e77426389211b20e818,mobile_one.apk,0,0,0,0,0,0,1,0,0,0,0,1,0,0,2,1,1,0,0,0,0,0,0,200,0,0,66,0,0,0,0,-1,-1,0,0,0,0,0,0,10,21,0,0,fake,com.example.mobileone,1.0,Mobile One
22df5be6aa7d00f4af7e791494c42789ee79846701855c07e97ec0b17c8b80e4,Keybox.apk,1,1,1,0,0,0,1,0,0,0,0,1,0,1,3,1,1,0,0,0,0,0,0,200,0,0,50,0,0,0,0,-1,-1,0,0,0,0,0,0,6,21,0,0,fake,com.trendmicro.keybox,1.0,Keybox
23348d0c83f1cdf602da69a6ce4e7a04dc4328cb79b5c2baf009ea1f966fa4bc,SENDSECRET.apk,0,0,0,0,0,0,1,0,0,0,0,1,0,0,2,1,1,0,0,0,0,0,0,200,0,0,66,0,0,0,0,-1,-1,0,0,0,0,0,0,10,23,0,0,fake,opensecurity.sendsecret,1.0,SendSecret
2339f4612352ed6d989da4d84dd42a25032b532d3ebaf8a009beb3fac12ffbca,2339f4612352ed6d989da4d84dd42a25032b532d3ebaf8a009beb3fac12ffbca.apk,1,1,1,0,1,1,1,0,0,0,0,1,0,1,3,1,1,0,0,0,0,0,0,200,0,2,66,0,0,0,0,-1,-1,0,0,0,0,0,0,15,19,0,0,fake,unknown.simple.move,1.0,               
23ccd1620707d0fa68a66fe413dbf27acb8a46b5f7e3fa819afc52e765116aec,esoteric.apk,0,0,0,0,0,0,1,0,0,0,0,1,0,0,2,1,1,0,0,0,0,0,0,200,0,0,66,0,0,0,0,-1,-1,0,0,0,0,0,0,8,27,1,0,fake,org.team_sik.ahe17.esoteric,1.0,Esoteric
2bb878325b4fe0768acd4259bdb8e9e2e4d6aca2d1f40a47fd7720c88d08179d,base2 (90).apk,0,0,0,0,1,1,1,0,0,0,0,1,0,1,3,1,1,0,0,0,0,1,1,200,0,0,100,0,0,0,0,-1,-1,0,0,0,0,0,1,8,20,0,0,legit,com.commbank.netbank,5.35.0.2478,CommBank
2dc5b3f5b1689eb44e1d59eebb9fde4cc32aae5d28336159b17cfae199718fbc,ExportedComponents.apk,0,0,0,0,0,0,0,0,0,0,0,1,0,0,1,1,1,0,0,0,0,0,0,200,0,0,66,0,0,0,0,-1,-1,0,0,0,0,0,0,7,15,0,0,fake,com.isi.testapp,1.0,testapp
2ea64ae1686cb2d61293c4892e8f534fa89f5f5f5c9519eec76f7c4c611ec296,base2 (117).apk,0,0,0,1,1,1,1,0,0,0,0,1,1,1,4,1,1,0,0,0,0,1,0,200,0,0,100,0,0,0,0,-1,-1,0,0,0,0,0,1,12,36,0,0,legit,es.lacaixa.mobile.android.newwapicon,5.83.1,CaixaBankNow
31878e33c526f9747c9b7ff38954bfcb2acc2a947ce7103589438e034637a6b7,sieve.apk,0,0,0,0,0,1,0,0,0,0,0,1,0,0,1,1,1,0,0,0,0,0,0,200,0,0,66,0,0,0,0,-1,-1,0,0,0,0,0,0,5,21,0,0,fake,com.mwr.example.sieve,1.0,Sieve
32866d1912cfb60e879046a5aaceedf8a03924e39d34d6ebe44d672163a0a1e2,1350f7c84710e373f97e27d6880ca9a6ed065d4a.apk,1,1,1,0,0,1,1,1,0,0,0,0,0,0,2,1,1,0,0,0,0,0,0,28,0,0,50,0,0,0,0,-1,-1,0,0,0,0,0,0,5,26,0,1,fake,com.google.android.coremms,1.0,短信息服务
32a461631f69360873e469d30d434f4f28f56a3a5e825e0dea43299b31dbecac,chistescortos.apk,1,1,1,0,0,1,0,1,0,0,0,1,0,0,2,1,1,0,0,0,0,0,0,200,0,1,50,0,0,0,0,-1,-1,0,0,0,0,0,0,14,17,0,0,fake,com.chistescortos,1.0,Chistes Cortos
3333207c99d41ff7ff6962dff67ea9b057b3b7ba696bad4053d0c2377425e8ee,mobicrackNDK.apk,0,0,0,0,0,0,0,0,0,0,0,1,0,0,1,1,1,0,0,0,0,0,0,200,0,0,66,0,0,0,0,-1,-1,0,0,0,0,0,0,12,24,0,0,fake,com.example.mobicrackndk,1.0,mobicrackNDK
34079c55d7dfaaf7ab39d1747c71c26def784febcabea152b249be86074ec505,play store.apk,1,0,0,1,1,1,0,0,0,0,0,1,0,0,1,1,1,0,0,0,0,0,0,24,0,0,66,0,0,0,0,-1,-1,0,0,0,0,0,0,10,20,0,0,fake,com.termuxhackers.id,1.0,play store
34cac136262be606be5e36bc79c9c727edb471775f86241e68e82291164b2600,com.revolut.revolut_10.92.apks,0,0,0,0,1,1,1,1,0,1,0,1,0,1,5,1,1,0,0,0,0,0,0,200,0,0,44,0,0,0,0,-1,-1,0,0,0,0,0,1,7,19,0,0,legit,com.revolut.revolut,10.92,Revolut
355b9d18f8e0f55acdf28c577d838bc5276c3c1e10cd530ad4d664b2465caee4,android-studio-4-2-1.apk,0,0,0,1,0,1,0,0,0,0,0,0,0,0,0,1,1,0,0,0,0,0,0,200,0,1,42,0,0,0,0,-1,-1,0,0,0,0,0,0,1,29,0,1,fake,com.lovequo.nearme.gamecenter,25.5.31,⁣
355bb03c12c23c98259538a3a10d1e8a0447f17a1386cb269e90b1a3acdc0986,takebear.apk,0,0,0,0,0,0,1,1,0,0,0,1,0,1,4,1,1,0,0,0,0,0,0,200,0,0,60,0,0,0,0,-1,-1,0,0,0,0,0,0,9,22,0,0,fake,sec.blackhole.takebeer,"1,00",Take Beer
3620801a98326910caecac1825df53c0e34bee4e749876b2374bb0cf4def6d7d,base2 (92).apk,0,0,0,0,0,0,0,0,0,0,0,0,0,0,0,0,0,0,0,0,0,0,0,0,0,0,0,0,0,0,0,-1,-1,0,0,0,0,0,0,0,0,0,0,legit,,,
3673c00d3f75ec3e0cdd414b2b9a67bb77fd7a2e757915e7a11006fc69d4f84c,._AES-Decrypt.apk,0,0,0,0,0,0,0,0,0,0,0,0,0,0,0,0,0,0,0,0,0,0,0,0,0,0,0,0,0,0,0,-1,-1,0,0,0,0,0,0,0,0,0,0,fake,,,
36c175af5943a97f1fadb8514103dd2d409ba696dc537b0de29394eed96fc0e7,replaced.apk,0,0,0,0,0,0,0,0,0,0,0,1,0,0,1,0,0,0,0,0,0,0,0,46,0,0,50,0,0,0,0,-1,-1,0,0,0,0,0,0,7,22,0,0,fake,com.google.ctf.sandbox,1.0,Sandbox
3bd206bab723a9ec556450765a3fd45e75017556b2e822f4a072717d03c0c670,base2 (168).apk,0,0,0,0,0,1,1,0,0,0,0,1,0,1,3,1,1,0,0,0,0,0,0,200,0,0,50,0,0,0,0,-1,-1,0,0,0,0,0,0,11,14,0,0,legit,com.dccb.tdccb,1.0.5,Trichy DCCB
3cf9adef460c9f675ac00c367bd46c330418f7af8ea2087d5efa76125eb72bf5,411ecbaa48fa8dd2aa1df6f716f3ff1afdfb926e.apk,1,1,1,0,1,1,0,0,0,0,0,0,0,0,0,1,1,0,0,0,0,0,0,86,0,0,66,0,0,0,0,-1,-1,0,0,0,0,0,0,14,34,1,0,fake,com.BioTechnology.iClientsService4,1.2,Security Space
3d4758e8ed724ca8beef5c7ff764beafef84355e80fda5b7c91f0384e93eb26d,base (16).apk,1,1,1,0,1,1,1,1,1,0,0,1,1,1,6,1,1,0,0,0,0,1,1,200,0,0,100,0,0,0,0,-1,-1,0,0,0,0,0,1,17,26,0,0,legit,com.lcode.ucomobilebanking,2.0.91,UCO mBanking Plus
3d96d8451eb37879019b301530f0865956ce3e4aa370e3e7d21835795bbae3b6,YouCanHideButYouCannotRun.apk,0,0,0,0,0,0,1,0,0,0,0,1,0,0,2,1,1,0,0,0,0,0,0,200,0,0,66,0,0,0,0,-1,-1,0,0,0,0,0,0,11,43,1,0,fake,hackchallenge.ahe17.teamsik.org.romanempire,1.0,RomanEmpire
3e2939c882c6012e69af73fdc1f528a40d3f34e550db422c1ccfa6fbf9e5ca9b,com.nextbillion.groww_17.92.3.apks,1,1,1,0,1,1,1,1,1,0,0,1,0,1,5,1,1,0,0,0,0,0,0,200,0,0,66,0,0,0,0,-1,-1,0,0,0,0,0,0,5,21,0,0,legit,com.nextbillion.groww,17.92.3,Groww
4102802d7428a34add072e15a10d286f6ef5a8fb367a03ca36e6d987d9be7d1d,Blatantsms.apk,0,1,0,0,1,1,1,1,0,0,0,1,0,1,4,1,1,0,0,0,0,0,0,200,0,0,46,0,0,0,0,-1,-1,0,0,0,0,0,0,10,10,0,0,fake,vn.me.iwin,4.2.3,iWinOnline
414cef5af2d9acf0b6c2453c0981f5161a05c59aad9dc483ef542df289bf408f,app.imps.north_east_4.5.0.apks,0,0,0,0,0,1,1,0,0,0,0,1,0,1,3,1,1,0,0,0,0,1,0,200,0,0,100,0,0,0,0,-1,-1,0,0,0,0,0,1,29,19,0,0,legit,app.imps.north_east,4.5.0,North East Small Finance Bank
431870e241c4dd0f1dafa1b13075607d7318bec921c0211feb3e62d057f475e2,base2 (105).apk,0,0,0,0,1,1,1,0,0,0,0,1,0,1,3,1,1,0,0,0,0,0,1,200,0,0,100,0,0,0,0,-1,-1,0,0,0,0,0,0,4,16,0,0,legit,com.nova.banking,1.1.0,Nova
449a0b9b140c0f04842211f3e40c8896ed5cbdc7e33a57d90ea97a467237e0b9,Crackme03 (1).apk,0,0,0,0,0,0,1,0,0,0,0,0,0,0,1,1,1,0,0,0,0,0,0,9,0,0,50,0,0,0,0,-1,-1,0,0,0,0,0,0,31,21,1,0,fake,com.example.crackme03,1.0,Android Crackme03 - [by deurus]
463ca1a29f83ee11ed4d37bf6ce314dcad99c8fcfe4ae3e3f7fcc2574f3c70c7,463ca1a29f83ee11ed4d37bf6ce314dcad99c8fcfe4ae3e3f7fcc2574f3c70c7.apk,1,1,1,0,1,1,1,0,0,0,0,1,0,1,3,1,1,0,0,0,0,0,0,200,0,2,66,0,0,0,0,-1,-1,0,0,0,0,0,0,18,18,0,1,fake,shop.unlock.subway,1.0,Android Güncelleme
4831ac86d439c5618c69bb9051c469687563a86f74c9af62bfb47a274ed32a10,base2 (170).apk,1,1,1,0,1,1,1,1,1,0,0,1,0,1,5,1,1,0,0,0,0,0,0,200,0,0,66,0,0,0,0,-1,-1,0,0,0,0,0,1,15,23,0,0,legit,com.lcode.kblmobileplus,1.8.9,KBL Mobile Plus
4a3d77f8c3e8d8ecbbfeda70b661f57dc4d2382996615938c71de6a4cfc2f03f,4a3d77f8c3e8d8ecbbfeda70b661f57dc4d2382996615938c71de6a4cfc2f03f.apk,1,1,1,0,1,1,1,0,0,0,0,1,0,1,3,1,1,0,0,0,0,0,0,200,0,12,66,0,0,0,0,-1,-1,0,0,0,0,0,0,21,20,0,1,fake,enough.similar.pizza,1.0,Androıd 12 Güncelleme
4acd55b474cb2e5ffadc0c94adda68049d7be07a075d1875055c39168a4d0860,base2 (118).apk,0,0,0,0,0,1,1,0,0,0,0,1,0,1,3,1,1,0,0,0,0,0,0,200,0,0,50,0,0,0,0,-1,-1,0,0,0,0,0,0,4,33,0,0,legit,com.advantageonecu.advantageonecu,4018.0.0,AOCU
4b8e46422c71951969eb8a56c7e6af6a73d5f82c74e832b4987352eae0f6df09,base2 (145).apk,0,0,0,0,0,1,1,0,0,0,0,1,0,1,3,1,1,0,0,0,0,1,1,200,0,0,100,0,0,0,0,-1,-1,0,0,0,0,0,1,12,21,0,0,legit,com.triodos.bankinguk,4.48.3,Triodos Bank
4c4d473fb5d48604a002ba9e2af85ae5ea52e844cfe600b23061eb04adf0c6f8,base (14).apk,1,1,1,0,1,1,1,1,1,0,0,1,0,1,5,1,1,0,0,0,0,0,0,200,0,0,66,0,0,0,0,-1,-1,0,0,0,0,0,1,8,18,0,0,legit,com.psb.omniretail,3.5.7,PSB UnIC
4c7980ef1f6cc29508f38417c2a5b5b7721eeb4a3d7f00a0c1a08f5192fa6ddd,UnCrackable-Level2.apk,0,0,0,0,0,0,1,0,0,0,0,1,0,0,2,1,1,0,0,0,0,0,0,200,0,0,50,0,0,0,0,-1,-1,0,0,0,0,0,0,19,23,1,0,fake,owasp.mstg.uncrackable2,1.0,Uncrackable Level 2
4d48b2219bab5ff051b5424351f4f160390caffd4d8939b1e74b236a726cfbd2,BlackMafia.apk,1,1,1,0,1,0,0,0,0,0,0,1,0,0,1,1,1,0,0,0,0,0,0,200,0,0,50,0,0,0,0,-1,-1,0,0,0,0,0,0,10,9,0,0,fake,com.elite,1.0,BlackMafia
4f6dbe9e3d596b74c6481f728451b787730f4e554e91e5beded1520b5dbcb945,Timer.apk,0,0,0,0,0,0,1,0,0,0,0,1,0,0,2,1,1,0,0,0,0,0,0,200,0,0,50,0,0,0,0,-1,-1,0,0,0,0,0,0,5,34,0,0,fake,net.bluelotus.tomorrow.easyandroid,1.0,Timer
5205b7321f8b51ee5379352e7093e73e36caf8098f4790904e21277670779280,Instagram_rat_hack_240622205502.apk,1,1,1,0,1,1,1,1,0,0,0,1,0,1,4,1,1,0,0,0,0,0,0,200,0,0,80,0,0,0,0,-1,-1,0,0,0,0,0,0,9,10,0,0,fake,sigma.male,1.0.0-alpha,Instagram
52319b474810e5084da8631710e9d2289c3fb8b0f286202c8e22c9b6403b8eec,appstore.apk,0,0,0,0,0,0,0,0,0,0,0,0,0,0,0,0,0,0,0,0,0,0,0,0,0,0,0,0,0,0,0,-1,-1,0,0,0,0,0,0,0,0,0,0,fake,,,
5238fb796a85f2c7546b75fcf0febb743174faa600d09667787ab7622fe0bd61,base2 (176).apk,1,1,1,0,1,1,1,1,1,0,0,1,1,1,6,1,1,0,0,0,0,0,1,200,0,0,100,0,0,0,0,-1,-1,0,0,0,0,0,1,7,26,0,0,legit,com.ausmallfinancebank.amb,21.9.87,AU 0101
531a293030ead2fb08bb964aad0671f401af1bfdc21bd276e44a16c1e512a9aa,base (8).apk,1,1,1,0,1,1,1,1,1,0,0,1,0,1,5,1,1,0,0,0,0,0,1,200,0,0,100,0,0,0,0,-1,-1,0,0,0,0,0,0,11,21,0,0,legit,com.kvb.mobilebanking,3.1.1,KVB - DLite
5375ed5bf5cc2df45e19fe0c3ef7b98473d1907f20b2bb1243eaf6d3eb2a1d66,5375ed5bf5cc2df45e19fe0c3ef7b98473d1907f20b2bb1243eaf6d3eb2a1d66.apk,1,1,1,0,1,1,1,0,0,0,0,1,0,1,3,1,1,0,0,0,0,0,0,200,0,2,66,0,0,0,0,-1,-1,0,0,0,0,0,0,21,18,0,0,fake,solar.survey.roast,1.0,Android System Update
56907670f55a03aaf20d07326fc68a25fa001fb10e47b704aa27ce19338d1ead,56907670f55a03aaf20d07326fc68a25fa001fb10e47b704aa27ce19338d1ead.apk,1,1,1,0,1,1,0,0,0,0,0,0,0,1,1,1,1,0,0,0,0,0,0,41,0,0,50,0,0,0,0,-1,-1,0,0,0,0,0,0,4,16,0,0,fake,com.bfc.eyisnexp,1.0,    
585526be5f878ec6bc2967e8ed58f40207b5500d797b5af4bf5f16cef511cb4b,fake_av.apk,0,0,1,0,1,1,0,0,0,0,0,1,0,0,1,1,1,0,0,0,0,0,0,200,0,0,50,0,0,0,0,-1,-1,0,0,0,0,0,0,12,28,1,0,fake,com.example.androiddefender2,1.0,Label_Reader
58a14aafeea89d762c53450b92cd2cb5580a8c273e6b5249c1145fece3adc772,com.kiya.mahaplus_1.0.46.apks,1,1,1,0,1,1,1,1,1,0,0,1,0,1,5,1,1,0,0,0,0,0,0,200,0,1,66,0,0,0,0,-1,-1,0,0,0,0,0,0,15,17,0,0,legit,com.kiya.mahaplus,1.0.46,Mahamobile Plus
5901875c45c4cbd5aa70a303db85294cb182908a92fcd6cd49c6cc7d78a13c2a,base2 (141).apk,0,0,0,0,1,1,1,0,0,0,0,1,1,1,4,1,1,0,0,0,0,1,1,200,0,0,100,0,0,0,0,-1,-1,0,0,0,0,0,1,7,18,0,0,legit,ph.seabank.seabank,3.1.0,SeaBank
591a82ac806a472d11ae49d24c2e28bfdc6278feb4da419608487307b6ff5cea,base2 (127).apk,1,1,1,1,1,1,1,1,1,0,0,1,0,1,5,1,1,0,0,0,0,0,1,200,0,0,60,0,0,0,0,-1,-1,0,0,0,0,0,0,6,13,0,0,legit,com.fampay.in,3.11.6,FamApp
59260372f5dcc54deef06c18f71d9b56a4d116d07bfe54533a652938c1980242,base2 (133).apk,1,1,1,0,1,1,1,1,1,0,0,1,0,1,5,1,1,0,0,0,0,0,1,200,0,0,100,0,0,0,0,-1,-1,0,0,0,0,0,0,8,33,0,0,legit,com.iexceed.ib.digitalbankingprod,1.0.34,IndSMART
592a6290419acf1b27ff1b091a9b2d2224a0948e0456581b47f8485a8934a17a,base2 (140).apk,0,0,0,0,1,1,1,0,0,0,0,1,1,1,4,1,1,0,0,0,0,0,0,200,0,0,57,0,0,0,0,-1,-1,0,0,0,0,0,0,6,12,1,0,legit,com.prospav2,2.0.11,prospa
5a764e3442339eeb687b3ffa6f25165a138b99bba961d30332bca9ef60217136,com.fss.iob6_6.5.8.apks,0,1,0,0,1,1,1,1,1,0,0,1,0,1,5,1,1,0,0,0,0,0,0,200,0,0,66,0,0,0,0,-1,-1,0,0,0,0,0,0,10,12,1,0,legit,com.fss.iob6,6.5.8,IOB Mobile
5a9edbb52158646c54624b866ab45f81d2a33ee03ef38e23401ddc5f44ec7b17,base2 (124).apk,0,0,0,0,1,1,1,1,0,0,0,1,0,1,4,1,1,0,0,0,0,0,0,200,0,0,75,0,0,0,0,-1,-1,0,0,0,0,0,0,11,22,0,0,legit,net.veritran.becl.prod,7.10.3.50468,BancoEstado
5bf61b2eac5e88f0777f27b16b1c3df06077901293d7bf0f054e95065523d768,vitor.apk,0,0,0,0,0,0,1,0,0,0,0,1,0,0,2,1,1,0,0,0,0,0,0,200,0,0,40,0,0,0,0,-1,-1,0,0,0,0,0,0,5,9,0,0,fake,ooo.vitor,1.0,Vitor
5bf8c85ca5c3b4b8b2f68c60e1997e4fb60119114fc03add20058cf958305f5a,com.funnyys.apk,1,1,1,0,0,1,1,1,0,0,0,1,0,1,4,1,1,0,0,0,0,0,0,200,0,1,50,0,0,0,0,-1,-1,0,0,0,0,0,0,7,11,0,0,fake,com.funnyys,1.0,Funnyys
5c6efef54960ec6f12444a6f1fa7443195c58b45a4bbd8c622539ee6c06523a7,base (13).apk,1,1,1,0,1,1,1,1,1,0,0,1,1,1,6,1,1,0,0,0,0,0,0,200,0,0,57,0,0,0,0,-1,-1,0,0,0,0,0,1,4,21,0,0,legit,com.moneytap.bnpl.app,3.4.1,Freo
5d15419f55b10faaecda47727494320a461e05cbc4402e604df9e48f20e26aec,base2 (134).apk,0,0,0,1,1,1,1,0,0,0,0,1,1,1,4,1,1,0,0,0,0,1,1,200,0,0,100,0,0,0,0,-1,-1,0,0,0,0,0,1,13,13,0,0,legit,za.co.nedbank,9.5.5-0-prod,Nedbank Money
5dc26918bdb2c631db45373067e7db67ac3d8d21d6c70476557b840613dbdc11,base2 (172).apk,0,0,0,0,0,1,1,0,0,0,0,1,1,1,4,1,1,0,0,0,0,0,0,200,0,0,66,0,0,0,0,-1,-1,0,0,0,0,0,1,3,14,0,0,legit,com.ing.mobile,2025.15.1,ING
5fcfdc253143bd323343a99f15eacaf854b6ade9ebbb443922aaad24c14a42ec,strangecalculator.apk,0,0,0,0,0,0,0,0,0,0,0,1,0,0,1,1,1,0,0,0,0,0,0,200,0,0,66,0,0,0,0,-1,-1,0,0,0,0,0,0,11,23,0,0,fake,de.ecspride.demoversion,1.0,DemoVersion
6005ec5619816110cb6c0bdff9343af84760a1f880893959f02eaddbad6b7d74,FlagValidator.apk,0,0,0,0,0,0,1,0,0,0,0,1,0,0,2,1,1,0,0,0,0,0,0,200,0,0,66,0,0,0,0,-1,-1,0,0,0,0,0,0,13,26,0,0,fake,org.team_sik.flagvalidator,1.0,FlagValidator
601e0e63ff7e1b7f8fffb42139c8a8049dc13b871840ddd08aa5933436582e1c,601e0e63ff7e1b7f8fffb42139c8a8049dc13b871840ddd08aa5933436582e1c.apk,1,1,1,0,1,1,1,0,0,0,0,1,0,1,3,1,1,0,0,0,0,0,0,200,0,2,66,0,0,0,0,-1,-1,0,0,0,0,0,0,17,17,0,0,fake,apart.erosion.pen,1.0,Google Play Store
6129ba78079554f95fa36d5edbc553d52a70b9187ed43181b83e2dd17d17bcfb,base2 (142).apk,0,0,0,0,0,1,1,0,0,0,0,1,1,1,4,1,1,0,0,0,0,0,0,200,0,1,66,0,0,0,0,-1,-1,0,0,0,0,0,0,11,13,0,0,legit,in.spicemudra,6.2.3,Spice Money
630d1c81d00e1403cb0810fd7deb60d4fe741da86549cbbb957d1b7095c567d2,KXCTF.apk,0,0,0,0,0,0,1,0,0,0,0,1,0,0,2,1,1,0,0,0,0,0,0,200,0,0,40,0,0,0,0,-1,-1,0,0,0,0,0,0,5,14,0,0,fake,com.game.kxctf,1.0,KXCTF
63c50346f2d0aa582cc54a1d2f30818efb247642e1dbd6c9c0a592ac1bf3a98e,base2 (106).apk,1,1,1,0,1,1,1,1,1,0,0,1,1,1,6,1,1,0,0,0,0,0,1,200,0,0,100,0,0,0,0,-1,-1,0,0,0,0,0,1,7,21,0,0,legit,com.icicibank.pockets,11.2,Pockets
640dfac3906f770010c165e5dd1b22bc6da4ab6ed39bdba05781c578e1d08a49,in.org.npci.upiapp_4.0.5.apk,1,1,1,0,1,1,1,1,1,0,0,1,0,1,5,1,1,0,0,0,0,0,1,200,0,0,100,1,0,0,0,-1,-1,0,0,0,0,0,1,4,18,0,0,legit,in.org.npci.upiapp,4.0.5,BHIM
646c310fbac327a694cbb707c61b97d20e797d0a79df235f74216c8af164e4ce,com.infrasofttech.CentralBank_7.52.apk,1,1,1,0,1,1,1,1,1,0,0,1,0,1,5,1,1,0,0,0,0,0,1,200,0,0,100,0,0,0,0,-1,-1,0,0,0,0,0,0,11,29,0,0,legit,com.infrasofttech.CentralBank,7.52,Cent Mobile
655f66c35f357dadb9f4f89fc5930b3e72a6875d500814278ed3f283e41127bc,base2 (169).apk,1,1,1,0,1,1,1,1,1,0,0,1,1,1,6,1,1,0,0,0,0,0,0,200,0,0,50,0,0,0,0,-1,-1,0,0,0,0,0,1,10,22,0,0,legit,com.freecharge.android,20.13.1,Freecharge
667da5035fa617ff854305855200513e6f3711101657e597c8d5019ad530e3eb,com.barclays.android.barclaysmobilebanking_3.13.0.apk,0,0,0,0,1,1,1,0,0,0,0,1,1,1,4,1,1,0,0,0,0,0,1,200,0,0,100,1,0,0,0,-1,-1,0,0,0,0,0,1,8,42,0,0,legit,com.barclays.android.barclaysmobilebanking,3.13.0,Barclays
6689e6b97472ba3ff71fc60a7be82161d5a30b92ae133454426cad9128e2f7e4,base2 (100).apk,0,0,0,0,1,1,1,0,0,0,0,1,0,1,3,1,1,0,0,0,0,0,0,200,0,0,66,0,0,0,0,-1,-1,0,0,0,0,0,1,3,17,0,0,legit,au.com.nab.mobile,9.178.0,NAB
67d64670ecb25d92b80aa05e62eb5fa1cddb3242c0dbbd700c26ec9c1e8bd5f1,MusicPlayerAdware.apk,0,0,0,0,0,1,1,0,0,0,0,1,0,1,3,1,1,0,0,0,0,0,0,200,0,0,66,0,0,0,0,-1,-1,0,0,0,0,0,0,12,21,1,0,fake,com.gadgetcrafts.gt4x,7.7,Music Player
6827f776b7d2844342711be6f13695ae8d1a5f209fc0072dbaf8b85e2fcff4b7,UnCrackable-Level3.apk,0,0,0,0,0,0,1,0,0,0,0,1,0,0,2,1,1,0,0,0,0,0,0,200,0,0,50,0,0,0,0,-1,-1,0,0,0,0,0,0,19,23,1,0,fake,owasp.mstg.uncrackable3,1.0,Uncrackable Level 3
6841b4f2de7ba4eb35ee2ef5d8c1e60d5ea49e6319852532349f255adbaffb6e,base2 (148).apk,0,0,0,0,0,1,1,0,0,0,0,1,1,1,4,1,1,0,0,0,0,0,0,200,0,0,60,0,0,0,0,-1,-1,0,0,0,0,0,1,11,13,0,0,legit,nz.co.westpac,39.3.1,Westpac One
6965f5d4810be49875df370b2f8584c17f20c4681ca75d2ddb8df4386ecf0423,it.bancaetica.bank_2.5.2.apk,0,0,0,1,1,1,1,1,0,0,0,1,0,1,4,1,1,0,0,0,0,0,1,200,0,0,100,0,0,0,0,-1,-1,0,0,0,0,0,0,11,18,0,0,legit,it.bancaetica.bank,2.5.2,Banca Etica
6a717bcca5cb3364e2e19ba3f2d58ec64dbcaa320f12167808c12ee62a0c4c8b,UnCrackable-Level1 (1).apk,0,0,0,0,0,0,0,0,0,0,0,0,0,0,0,1,1,0,0,0,0,0,0,8,0,0,66,0,0,0,0,-1,-1,0,0,0,0,0,0,12,28,1,0,fake,sg.vantagepoint.uncrackable1,1.0,Uncrackable1
6b5740e1d83677d6fc505870a216cdca00dd94232b72ca2656e11ee55f100c97,com.lcode.clabmbanking_2.4.apk,0,0,0,0,0,1,1,0,0,0,0,1,0,1,3,1,1,0,0,0,0,0,1,200,0,0,100,0,0,0,0,-1,-1,0,0,0,0,0,1,15,22,0,0,legit,com.lcode.clabmbanking,2.4,Capital Mobile+
6e64f7dc5e1dce267686d15c8b746a1e8aa3b400de27a53a25b0d567ef1930d2,WhyShouldIPay.apk,0,0,0,0,0,0,1,0,0,0,0,1,0,1,3,1,1,0,0,0,0,0,0,200,0,0,66,0,0,0,0,-1,-1,0,0,0,0,0,0,15,28,0,0,fake,de.fraunhofer.sit.premiumapp,1.0,Not Premium App
6ef28c857b00dc33d21e94019aeee96d4ba765a4bade08ee5ae0cbda077daeb9,base (5).apk,1,1,1,0,1,1,1,1,1,0,0,1,0,1,5,1,1,0,0,0,0,1,1,200,0,0,60,0,0,0,0,-1,-1,0,0,0,0,0,1,12,14,0,0,legit,com.yespaylite,4.4.1,YES PAY Lite
6f255a11a5dc71c7b305d9f55683957615e40c4b3dc78aefb0379b897be85ea7,base2 (103).apk,1,1,1,1,0,1,1,1,1,1,0,1,0,1,6,1,1,0,0,0,0,0,0,200,0,6,57,0,0,0,0,-1,-1,0,0,0,0,0,1,9,26,0,0,legit,com.whizdm.moneyview.loans,KOI-7711.606,Moneyview
705b33552ce3f8ac4054fe6438e8b07f8a76c4049b3a7ff7d0e139524f84c282,reverse.apk,0,0,0,0,0,0,0,0,0,0,0,1,0,0,1,1,1,0,0,0,0,0,0,49,0,0,50,0,0,0,0,-1,-1,0,0,0,0,0,0,7,22,0,0,fake,com.google.ctf.sandbox,1.0,Sandbox
713cc4e2a3256cd0a4252075a63a5740730f5762cc6d93e57d21cceae5e5c0df,app.apk,0,0,0,0,0,0,1,0,0,0,0,1,0,0,2,1,1,0,0,0,0,0,0,200,0,0,50,0,0,0,0,-1,-1,0,0,0,0,0,0,29,27,0,0,fake,com.google.ctf.pwn.tridroid,1.0,TriDroid: Triangle of Android
7164aa8030f2034c47049cdd67fcb2c9459188d6791633ab8ee4b073e52a0838,base2 (123).apk,0,0,0,0,1,1,1,0,0,0,0,1,1,1,4,1,1,0,0,0,0,1,0,200,0,7,100,0,0,0,0,-1,-1,0,0,0,0,0,0,18,15,0,0,legit,com.aya.mobilex,1.0.1,AYA Mobile Banking
720a1383fa333d3fe92b35fcedcf1669bcff7a0e3b7e0d70e9e157e694c2672f,GETSECRET.apk,0,0,0,0,0,0,1,0,0,0,0,1,0,0,2,1,1,0,0,0,0,0,0,200,0,0,66,0,0,0,0,-1,-1,0,0,0,0,0,0,9,22,0,0,fake,opensecurity.getsecret,1.0,GetSecret
723b88c18b0a3298f17ecaf163749016ff10d1b7c393727b35e159b5d5c5343c,GrehAndroidMe.apk,0,0,0,0,0,0,0,0,0,0,0,1,0,0,1,1,1,0,0,0,0,0,0,18,0,0,50,0,0,0,0,-1,-1,0,0,0,0,0,0,7,17,0,0,fake,grackme.im.famous,1.0,GrackMe
725da72192ebe997fc7efdf247d4fb3f7a5116a15e760fd3a70e552f836cb74c,com.utkarsh.mobile_8.9.apk,0,0,0,0,0,1,1,1,1,0,0,1,1,1,6,1,1,0,0,0,0,0,0,200,0,0,66,0,0,0,0,-1,-1,0,0,0,0,0,1,13,18,0,0,legit,com.utkarsh.mobile,8.9,UtkarshMobile
72f7793f4bd690f3b78d723c09539d9dd387d882d1ce3fa851c52bffc44ee1f0,base2 (158).apk,0,0,0,1,0,1,1,0,0,0,0,1,0,1,3,1,1,0,0,0,0,0,0,200,0,0,66,0,0,0,0,-1,-1,0,0,0,0,0,0,11,23,0,0,legit,com.peoplescu.peoplescu,4018.0.0,People's CU
734f513efd9646f8fa41f25c8c795afc999c2b30d57ecacc03484163426c63ea,base2 (102).apk,0,0,0,0,1,1,1,0,0,0,0,1,1,1,4,1,1,0,0,0,0,0,1,200,0,0,75,0,0,0,0,-1,-1,0,0,0,0,0,0,7,28,0,0,legit,fj.com.vodafone.mpaisawallet,2.6.3,M-PAiSA
73799f94d9bce055509a14b1d33297aea81177d6a8ab8278dabfde3c17d8b41a,r2pay-v0.9.apk,0,0,0,0,0,0,1,0,0,0,0,1,0,0,2,1,1,0,0,0,0,1,0,200,0,0,75,0,0,0,0,-1,-1,0,0,0,0,0,0,11,8,0,0,fake,re.pwnme,1.0,Radare2 Pay
74b9fc8046b299e578d53c2a740df30b3dc87b6d965300a608ae75005ab09dda,._FlagValidator.apk,0,0,0,0,0,0,0,0,0,0,0,0,0,0,0,0,0,0,0,0,0,0,0,0,0,0,0,0,0,0,0,-1,-1,0,0,0,0,0,0,0,0,0,0,fake,,,
7575db7b8efd5acb64d52ee5674418424f9956331d3c0e604660b64302141f06,base (6).apk,0,0,0,0,1,1,1,1,1,0,0,1,1,1,6,1,1,0,0,0,0,0,1,200,0,0,100,0,0,0,0,-1,-1,0,0,0,0,0,1,12,37,0,0,legit,com.bankofbaroda.mconnect.bggbconnect,1.0.2,BGGB Connect
76a8053b3961143ec021f6d12df7ccb6846a24791fe4a5ec90d51e7a4f0cbc89,base (12).apk,1,1,1,0,1,1,1,1,1,0,0,1,0,1,5,1,1,0,0,0,0,0,0,200,0,0,66,0,0,0,0,-1,-1,0,0,0,0,0,1,9,13,0,0,legit,com.fedmobile,7.1.3,FedMobile
770abe45f50a7d706a4fe4ac745c4f8cf2946d135ea5b0df5b95aa32d17bb9a3,._aBunchOfNative.apk,0,0,0,0,0,0,0,0,0,0,0,0,0,0,0,0,0,0,0,0,0,0,0,0,0,0,0,0,0,0,0,-1,-1,0,0,0,0,0,0,0,0,0,0,fake,,,
7ca00625592fa5dae701e6e1e40061c4fe8b1861c3bfb493446110bb4199327a,org.altruist.BajajExperia_P.13.2.3.apks,1,1,1,1,1,1,1,1,1,1,0,1,0,1,6,1,1,0,0,0,0,0,0,200,0,0,66,0,0,0,0,-1,-1,0,0,0,0,0,0,13,25,0,0,legit,org.altruist.BajajExperia,P.13.2.3,Bajaj Finserv
7d4848b869abf6123a4ac0b8560e28f3c051c977a2b57c22d0a6eb7f0145507a,com.iexceed.appzillon.ippbMB_1.25.6.5.apk,1,1,1,0,1,1,1,0,1,0,0,1,0,1,4,1,1,0,0,0,0,0,0,200,0,0,66,0,0,0,0,-1,-1,0,0,0,0,0,1,11,28,0,0,legit,com.iexceed.appzillon.ippbMB,1.25.6.5,IPPB Mobile
7e5c76cbc400e9eae07db957350a529782e2c0f30f11a623e3a0d3d300a9b7f6,andymail.apk,0,0,0,0,0,1,0,0,0,0,0,0,0,0,0,1,1,0,0,0,0,0,0,25,0,0,60,0,0,0,0,-1,-1,0,0,0,0,0,0,12,31,1,0,fake,ctf.competition.team18.andymail,1.0,AndyEmail-18
7e8233d5a38fca0e0cb92b51e553cd207be224d02dff754a7c52a3e0e98c547f,com.infonow.bofa_25.08.0.apks,0,0,0,0,1,1,1,0,0,0,0,1,1,1,4,1,1,0,0,0,0,0,0,200,0,0,50,0,0,0,0,-1,-1,0,0,0,0,0,0,4,16,0,0,legit,com.infonow.bofa,25.08.0,BofA
7e914e4c0769a7a1dcf7d3a06160bfbd9f7b583695ccc9282854c2946b0321db,7e914e4c0769a7a1dcf7d3a06160bfbd9f7b583695ccc9282854c2946b0321db.apk,1,1,1,0,1,1,1,0,0,0,0,1,0,1,3,1,1,0,0,0,0,0,0,200,0,2,60,0,0,0,0,-1,-1,0,0,0,0,0,0,10,19,0,1,fake,tissue.crash.potato,1.0,Porno İzle
7ff5473957e4a00af9497aa71c517575fa5924a4f783df31741fc86d1a8740db,base2 (166).apk,0,0,0,0,0,1,1,0,0,0,0,1,0,1,3,1,1,0,0,0,0,1,0,200,0,0,100,0,0,0,0,-1,-1,0,0,0,0,0,0,27,14,0,0,legit,app.imps.pardi,3.1.1,SBPP Co-operative Bank ltd.
808f0c09e176834a8f3c0750677fbe9f6ec10caab55067cbec5c98dee300e151,808f0c09e176834a8f3c0750677fbe9f6ec10caab55067cbec5c98dee300e151.apk,1,1,1,0,1,1,1,0,0,0,0,1,0,1,3,1,1,0,0,0,0,0,0,200,0,2,75,0,0,0,0,-1,-1,0,0,0,0,0,0,18,21,0,1,fake,rhythm.retreat.absorb,1.0,Android Güncelleme
81118e9835f6c3b7286ebdd1233d46b8e65045b5cb8bfb6aa739e75be9b2cae3,2048.apk,0,0,0,0,0,1,1,0,0,0,0,1,0,1,3,1,1,0,0,0,0,0,0,200,0,0,50,0,0,0,0,-1,-1,0,0,0,0,0,0,4,44,1,0,fake,game2048.b2048game.twozerofoureight2048.game,1.2.6(c),2048
838542789838378a16e1219ee76e331c68d1cea7202b68a8610b5c9afa4d8253,base2 (114).apk,0,0,0,1,1,1,1,0,0,0,0,1,1,1,4,1,1,0,0,0,0,1,1,200,0,0,100,0,0,0,0,-1,-1,0,0,0,0,0,0,12,22,0,0,legit,com.dbs.sg.dbsmbanking,25.7.3,DBS digibank
844c7e547e24146de9cded5521921e03aaa7ced562129c57c649dc37f25ecc61,com.boi.ua.android_3.4.0.apks,1,1,1,1,1,1,1,1,1,0,0,1,1,1,6,1,1,0,0,0,0,0,0,200,0,0,66,0,0,0,0,-1,-1,0,0,0,0,0,1,10,18,0,0,legit,com.boi.ua.android,3.4.0,BOI Mobile
84ea920000402d54f21f94f0bb63323fa7032740ba83bc2e378c6af2fc6fc9a9,base2 (136).apk,0,0,0,0,0,1,1,0,0,0,0,1,0,1,3,1,1,0,0,0,0,1,1,200,0,0,100,0,0,0,0,-1,-1,0,0,0,0,0,1,13,15,0,0,legit,it.relaxbanking,2.1.20,Relax Banking
85002f55f87c08598c51af96dfd6fa776d79abce6e95c9075edff4ab2ab626a2,base2 (116).apk,0,0,0,0,1,1,1,0,0,0,0,1,0,1,3,1,1,0,0,0,0,0,1,200,0,0,100,0,0,0,0,-1,-1,0,0,0,0,0,0,7,20,1,0,legit,com.gtbank.gtworldv1,6.2.3,GTWorld
850d7c98bed8df5349d678c6daa1d3888600e1e7994c83a909cfe1c1d0e446ec,r2pay-v1.0.apk,0,0,0,0,0,0,1,0,0,0,0,1,0,0,2,1,1,0,0,0,0,1,0,200,0,0,75,0,0,0,0,-1,-1,0,0,0,0,0,0,11,8,0,0,fake,re.pwnme,1.0,Radare2 Pay
86c8698fd46604eb8ebabc64894c9bc625384b0e56397ad20bee94dc2f024f60,base2 (157).apk,0,0,0,1,1,1,1,0,0,0,0,1,0,1,3,1,1,0,0,0,0,1,0,200,0,0,100,0,0,0,0,-1,-1,0,0,0,0,0,0,14,27,0,0,legit,com.heartlandbt.heartlandbt,4018.0.2,Heartland Bank
86e83f7d09a3881cab62f8ad20ad1a173158f755a5173cb1b19db9913c2778e8,base2 (119).apk,0,0,0,0,1,1,1,0,0,0,0,1,1,1,4,1,1,0,0,0,0,1,1,200,0,0,100,0,0,0,0,-1,-1,0,0,0,0,0,1,12,25,0,0,legit,com.barclays.absa.banking,7.39.0 - July-Release,Absa Banking
89a8c758f45d86bf0aee1496fd48036fad55805927327d89af6ec1d7337a3938,BadNews.A.apk,0,0,0,1,0,1,1,0,0,0,0,1,0,1,3,1,1,0,0,0,0,0,0,200,0,1,50,0,0,0,0,-1,-1,0,0,0,0,0,0,7,18,0,1,fake,live.photo.savanna,2.1,Саванна
8a7f48d7fe585a2d330edd0e59311e8b6642ea1afbda7f123d67ba680db7f458,base2 (173).apk,1,1,1,0,1,1,1,1,1,0,0,1,0,1,5,1,1,0,0,0,0,0,0,200,0,0,66,0,0,0,0,-1,-1,0,0,0,0,0,1,11,18,0,0,legit,com.iob.iobconnect,1.0.23,IOB Connect
8aae58417c38a069876440279e9f9c03e2dbd1f9ed25b2a9173f3a98d12cf467,com.canarabank.mobility_3.6.37.apks,1,1,1,0,1,1,1,1,1,0,0,1,0,1,5,1,1,0,0,0,0,0,1,200,0,0,100,0,0,0,0,-1,-1,0,0,0,0,0,0,10,23,0,0,legit,com.canarabank.mobility,3.6.37,Canara ai1
8acfac2d1646b7689e09aab629a58ba66029b295068ca76cdaccbdc92b4e5ea9,hashdays-challenge.apk,0,0,0,0,0,0,0,0,0,0,0,0,0,0,0,1,1,0,0,0,0,0,0,11,0,0,50,0,0,0,0,-1,-1,0,0,0,0,0,0,13,50,1,0,fake,com.fortiguard.challenge.hashdays2012.challengeapp,1.0,Hashdays 2012
8b2543e42caa0940cf332d07a66945efa89a400462c36bd5568f85ad8ebb0b4e,Sudoku.apk,0,0,0,0,0,1,1,0,0,0,0,1,0,1,3,1,1,0,0,0,0,0,0,200,0,0,66,0,0,0,0,-1,-1,0,0,0,0,0,0,11,20,0,0,fake,com.icenta.sudoku.ui,9.2.1.4,Sudoku Free
8b780aa4d9b889f52d158e1a1fbaeed5edffadd68912bac8f682a8466900d259,base2 (101).apk,0,0,0,1,1,1,1,0,0,0,0,1,0,1,3,1,1,0,0,0,0,0,1,200,0,0,100,0,0,0,0,-1,-1,0,0,0,0,0,1,3,18,1,0,legit,com.maybank2u.life,0.9.39,MAE
8d3e9fb35a57cd2f1ec089558d4d0aa7bd1f2e2d6436dac0d080e13e88472802,ctfmicro.apk,0,0,0,0,0,1,0,0,0,0,0,0,0,0,0,1,1,0,0,0,0,0,0,31,0,0,60,0,0,0,0,-1,-1,0,0,0,0,0,0,14,31,1,0,fake,ctf.competition.ctfmicro.team18,1.0,team18CTFMicro
8e168f31f3bf0564d11b01e180d301f41e3582a89efc5ca15ed40a402c0ca3dd,8e168f31f3bf0564d11b01e180d301f41e3582a89efc5ca15ed40a402c0ca3dd.apk,1,1,1,0,1,1,1,0,0,0,0,1,0,1,3,1,1,0,0,0,0,0,0,200,0,2,60,0,0,0,0,-1,-1,0,0,0,0,0,0,18,15,0,0,fake,half.soap.civil,1.0,Android Guncelleme
8f226c8085e9f81b48af05be18d1d02d745e5d0672c6af97019b8f430c2d527b,com.axis.mobile_10.9.apks,1,1,1,1,1,1,1,1,1,0,0,1,0,1,5,1,1,0,0,0,0,0,0,200,0,0,100,1,0,0,0,-1,-1,0,0,0,0,0,0,11,15,0,0,legit,com.axis.mobile,10.9,Axis Mobile
8f9b4dcd686ce945d0b1338a7937713954975ea383c4462cd4bd6c39e6861d7c,base2 (110).apk,0,0,0,0,0,1,1,1,0,0,0,1,0,1,4,1,1,0,0,0,0,0,0,200,0,0,66,0,0,0,0,-1,-1,0,0,0,0,0,0,12,16,0,0,legit,com.snapwork.tcl,2.5.4,Tata Capital
924bae8e126231ffaa03fe26f45922ab27571a274ee0069fa5d68a1dd3bbedae,Your File Is Ready To Download.apk,0,0,0,1,0,1,0,0,0,0,0,1,1,1,3,1,1,0,0,0,0,0,0,200,0,0,75,0,0,0,0,-1,-1,0,0,0,0,0,0,0,23,0,0,fake,com.abandoned.longitude,11.5,
9354bfbf4a0d41f5e9f2f7025147020b60356cd95ff79c5fca110a62a6b6d810,base2 (104).apk,0,0,0,0,1,1,1,0,0,0,0,1,0,1,3,1,1,0,0,0,0,1,1,200,0,0,100,0,0,0,0,-1,-1,0,0,0,0,0,0,10,22,0,0,legit,com.scotiabank.banking,2507.0.0,Scotiabank
93c87dc941ebf3a1261780b07bbd28bbb6a8f709d815c5164624f5acbef28a01,com.csam.icici.bank.imobile_23.0.apks,1,1,1,1,1,1,1,1,1,0,0,1,1,1,6,1,1,0,0,0,0,0,1,200,0,0,100,1,0,0,0,-1,-1,0,0,0,0,0,1,7,27,0,0,legit,com.csam.icici.bank.imobile,23.0,iMobile
944635c5a520b0549687df6aaf5d29e4bf072af6e5e565b65f63324423ed7a07,base2 (120).apk,0,0,0,0,1,1,1,0,0,0,0,1,1,1,4,1,1,0,0,0,0,1,1,200,0,0,100,0,0,0,0,-1,-1,0,0,0,0,0,0,18,28,0,0,legit,com.combanketh.mobilebanking,5.2.1,CBE Mobile Banking
94541bbc5e6654d3ab0f5859e5c256fe7fb1ac34c6a31fd11e9a13b7f9c62cc3,ReverseMe.apk,0,0,0,0,0,0,0,0,0,0,0,1,0,0,1,1,1,0,0,0,0,0,0,200,0,0,66,0,0,0,0,-1,-1,0,0,0,0,0,0,9,21,0,0,fake,de.ecspride.reverseme,1.0,ReverseMe
9457406cb4d2375b61e44967a73d424eb2577a0cf1eb904035ff2e0421419e12,base (10).apk,1,1,1,0,1,1,1,1,1,0,0,1,1,1,6,1,1,0,0,0,0,1,0,200,0,0,100,0,0,0,0,-1,-1,0,0,0,0,0,1,9,17,0,0,legit,com.snapwork.IDBI,5.2,IDBI Bank
9496c70cdd68ae87ab83fea629545b141efbaf3ca2131da29998994be435e2b0,base (9).apk,1,1,1,1,1,1,1,1,1,0,0,1,1,1,6,1,1,0,0,0,0,0,0,200,0,0,66,0,0,0,0,-1,-1,0,0,0,0,0,1,10,18,0,0,legit,com.boi.ua.android,3.4.0,BOI Mobile
96bdb5de46f733439279deb3a5e6980fa2f01a80ac6bae221eaa464c951008f6,base2 (89).apk,0,0,0,1,1,1,1,0,0,0,0,1,1,1,4,1,1,0,0,0,0,0,0,200,0,0,66,0,0,0,0,-1,-1,0,0,0,0,0,1,4,15,0,0,legit,com.ocbc.mobile,21.8,OCBC
9884cd884a152f689a9ecfb3e2d89358a15e51aeb27b9821ce76f070c3c5f6ed,money.super.payments_1.9.8.apks,1,1,1,1,1,1,1,1,1,0,0,1,1,1,6,1,1,0,0,0,0,0,1,200,0,0,80,0,0,0,0,-1,-1,0,0,0,0,0,0,11,20,0,0,legit,money.super.payments,1.9.8,super.money
98a2d09cd31e350125eedebdf680c539c23fb55e07af46c32fdebbaa223a0249,AllMixedUp.apk,0,0,0,0,0,0,0,0,0,0,0,1,0,0,1,1,1,0,0,0,0,0,0,19,0,0,80,0,0,0,0,-1,-1,0,0,0,0,0,0,10,12,0,0,fake,all.mixed.up,1.0,AllMixedUp
99c550208116e5dad11ec9121d78ecc8ed7d92d8fbbabea843e6cc3b9613d499,AN.apk,0,0,0,0,0,0,1,0,0,0,0,1,0,0,2,1,1,0,0,0,0,0,0,200,0,0,66,0,0,0,0,-1,-1,0,0,0,0,0,0,2,18,0,0,fake,com.geekerchina.an,1.0,AN
9a79c82d41928e8c964b5be72cd1e181bc82dc66b02f0956d772d98bbc9378f0,base2 (129).apk,0,1,0,0,1,1,1,1,1,0,0,1,1,1,6,1,1,0,0,0,0,1,0,200,0,0,100,0,0,0,0,-1,-1,0,0,0,0,0,1,25,21,0,0,legit,org.npci.erupeeINDIAN,0.0.7,Indian Bank Digital Rupee
9b49189b113bd5d92a7ff31a8c37fd908050891a25a0b340fd2e5d694e06344f,base (3).apk,1,1,1,0,1,1,1,0,1,0,0,1,0,1,4,1,1,0,0,0,0,1,1,200,0,0,100,0,0,0,0,-1,-1,0,0,0,0,0,0,19,22,0,0,legit,com.mbanking.apgb.apgb,2.1.8,APGB Mobile Banking
9c157af9c0f9a2234e5670133e420b78a8329125cc6699151cfa9e0d205e4415,9c157af9c0f9a2234e5670133e420b78a8329125cc6699151cfa9e0d205e4415.apk,1,1,1,0,1,1,0,0,0,0,0,0,0,1,1,1,1,0,0,0,0,0,0,12,0,0,50,0,0,0,0,-1,-1,0,0,0,0,0,0,4,32,0,0,fake,com.hyiyxseyeblfd.kkygauuvdknult,1.0,test
9c75ed7677aec25f4674fd159d234bb640af1ba14d4b3d8678f343092f01731b,base2 (132).apk,1,1,1,0,1,1,1,0,1,0,0,1,1,1,5,1,1,0,0,0,0,0,0,200,0,0,50,0,0,0,0,-1,-1,0,0,0,0,0,0,6,29,0,0,legit,com.safaricom.mpesa.lifestyle,3.5.6,M-PESA
9d6ad27f1c2b36367db7a1b98ace0e0f037490b45e0f9b8745d52147e3b60f7b,com.idfcfirstbank.optimus_2.42.apks,1,1,0,0,1,1,1,1,1,0,0,1,1,1,6,1,1,0,0,0,0,1,1,200,0,0,100,0,0,0,0,-1,-1,0,0,0,0,0,0,15,25,0,0,legit,com.idfcfirstbank.optimus,2.42,IDFC FIRST Bank
9e1c4c3ab5438718796d7d15da4cedc4f7291e12c276f9076d7e10eb98ddcb6c,com.laughtter.apk,1,1,1,0,0,1,1,1,0,0,0,1,0,1,4,1,1,0,0,0,0,0,0,200,0,1,42,0,0,0,0,-1,-1,0,0,0,0,0,0,9,13,0,0,fake,com.laughtter,1.0,Laughtter
9f87d9a5691e9c02e0c2ee26b4b447c7ab0c84eb7d54d42493b8e520cfeb6356,base (2).apk,0,0,0,0,1,1,1,1,1,0,0,1,0,1,5,1,1,0,0,0,0,0,0,200,0,0,66,0,0,0,0,-1,-1,0,0,0,0,0,0,8,16,0,0,legit,com.npst.kgbinfi,1.0.57,KGB INFI
a0876d4cde77a0378cbf1ce15d188abf397b33e6d836bd5f799c798d311e2906,a0876d4cde77a0378cbf1ce15d188abf397b33e6d836bd5f799c798d311e2906.apk,1,1,1,0,1,1,1,0,0,0,0,1,0,1,3,1,1,0,0,0,0,0,0,200,0,2,66,0,0,0,0,-1,-1,0,0,0,0,0,0,18,15,0,1,fake,cage.couple.say,1.0,Android Güncelleme
a0c2cab5ca8b7b4f78632d258ce79c638379bc237f7b847195200de3de2138c0,c14ed08b2ffd360c937ed3f83bf26c2887710da1.apk,0,0,0,1,1,1,1,0,0,0,0,1,0,0,2,1,1,0,0,0,0,0,0,7,0,0,66,0,0,0,0,-1,-1,0,0,0,0,0,0,14,25,0,0,fake,net.sacrificed.stunningly,1.0,Browser Update
a33fe9bf26d2e4967818e96a6af639caeccbfc66e67ba1d8729764e924186a83,com.iexceed.ib.digitalbankingprod_1.0.34.apks,1,1,1,0,1,1,1,1,1,0,0,1,0,1,5,1,1,0,0,0,0,0,1,200,0,0,100,0,0,0,0,-1,-1,0,0,0,0,0,0,8,33,0,0,legit,com.iexceed.ib.digitalbankingprod,1.0.34,IndSMART
a56cd9ce9097ba8f440141be8f1147d860567511c63e78737af1dc6f0d0ef80c,fbcracker.apk,0,0,0,0,0,0,0,0,0,0,0,1,0,0,1,1,1,0,0,0,0,0,0,164,0,0,50,0,0,0,0,-1,-1,0,0,0,0,0,0,19,20,0,0,fake,com.example.forkbomb,1.0,Facebook crack 2018
a6c11288cb0d8c5129e3cf3b3ab1cb4263b2344acc884dff9da5dbf1027d0b42,a6c11288cb0d8c5129e3cf3b3ab1cb4263b2344acc884dff9da5dbf1027d0b42.apk,1,1,1,0,1,1,1,0,0,0,0,1,0,1,3,1,1,0,0,0,0,0,0,200,0,2,66,0,0,0,0,-1,-1,0,0,0,0,0,0,18,22,0,0,fake,federal.label.business,1.0,Android Guncelleme
a6f0a59b2a8ce0110de5462f7f2f02125a3ee6096ff21bd44b13fcd00884b2a5,base (11).apk,1,1,1,0,1,1,1,1,1,0,0,1,1,1,6,1,1,0,0,0,0,0,0,200,0,0,66,0,0,0,0,-1,-1,0,0,0,0,0,1,11,13,0,0,legit,com.SIBMobile,8.2.17,SIB Mirror+
a99837579ca71f3a6c0cbd7fae8f3c823632f7154ef909067e42b347e6e8b28b,base2 (128).apk,0,0,0,0,1,1,1,0,0,0,0,1,0,1,3,1,1,0,0,0,0,0,0,200,0,0,50,0,0,0,0,-1,-1,0,0,0,0,0,0,4,29,0,0,legit,br.gov.caixa.fgts.trabalhador,5.0.6,FGTS
aa962db619e761705635704216fc5d9a4a5faa3d8dfe36d97bf96bc28a447470,base2 (121).apk,0,0,0,0,0,1,1,0,0,0,0,1,1,1,4,1,1,0,0,0,0,1,1,200,0,0,100,0,0,0,0,-1,-1,0,0,0,0,0,1,14,17,0,0,legit,com.banknorwegian,5.4.135,Bank Norwegian
abd25e4271c932d92b59fd1d0a1c7ce4e2d2609ff3ba75696534aa0296b3249d,com.prasesamor.apk,1,1,1,0,0,1,0,1,0,0,0,1,0,0,2,1,1,0,0,0,0,0,0,200,0,1,50,0,0,0,0,-1,-1,0,0,0,0,0,0,9,14,0,0,fake,com.prasesamor,1.0,Todo Amor
acdba5189ad88501274c446dbf3b040917cc4c1f1b67fb9e4d2f69c6805920c2,acdba5189ad88501274c446dbf3b040917cc4c1f1b67fb9e4d2f69c6805920c2.apk,1,1,1,0,1,1,1,0,0,0,0,1,0,1,3,1,1,0,0,0,0,0,0,200,0,2,60,0,0,0,0,-1,-1,0,0,0,0,0,0,13,16,0,0,fake,arctic.fuel.deny,1.0,             
ad61e0abe570c3575b01fbd07fc92e88c2516d1b74bb2ed536c6e2cc8e70435e,BrainTest.apk,0,0,0,1,0,1,1,0,0,0,0,1,0,1,3,1,1,0,0,0,0,0,0,200,0,0,50,0,0,0,0,-1,-1,0,0,0,0,0,0,10,14,0,0,fake,com.mile.brain,9.10.12.21,Brain Test
adb1f8ffccf1537f78ab6abe6d6452f7fead6fe1bc9ef6889b63b8e8f2e46c58,ArtStation.apk,0,0,0,1,0,1,0,0,0,0,0,0,0,0,0,1,1,0,0,0,0,0,0,200,0,0,66,0,0,0,0,-1,-1,0,0,0,0,0,0,10,24,0,0,fake,com.ballistiq.artstation,2.4.17,ArtStation
af7452626cec74a907e618b71c543ea311db58cb64f38aa7d658511c9e8e67d2,com.phonepe.app_25.07.25.0.apks,1,1,1,0,1,1,1,1,1,0,0,1,0,1,5,1,1,0,0,0,0,0,0,200,0,0,100,1,0,0,0,-1,-1,0,0,0,0,0,0,7,15,0,0,legit,com.phonepe.app,25.07.25.0,PhonePe
afc460d9d889935946c4a70be3130cbe0f5b4eafc248e3c69811e292ecc5e4f5,FakeDoc.apk,0,0,0,0,1,1,1,0,0,0,0,1,0,1,3,1,1,0,0,0,0,0,0,200,0,0,50,0,0,0,0,-1,-1,0,0,0,0,0,0,14,25,0,0,fake,com.androiddoctor.battery,2.5,Battery Doctor
b103f3897b1619dee157e62a1737e864452a85bab613ad971ac6193b3f6a4834,ds.apk,1,1,1,1,1,1,0,0,0,0,0,0,0,0,0,1,1,0,0,0,0,0,0,103,0,0,50,0,0,0,0,-1,-1,0,0,0,0,0,0,14,12,0,0,fake,com.sdwiurse,1.0,googl app stoy
b104b820a1fe271d72de4c560891577ed4609c574d331896290f53ddf3805dff,base2 (160).apk,0,0,0,1,0,1,1,0,0,0,0,1,0,1,3,1,1,0,0,0,0,0,0,200,0,0,50,0,0,0,0,-1,-1,0,0,0,0,0,0,12,26,0,0,legit,com.alkamitech.georgiasown,4018.0.0,Georgias Own
b16b3243bc9a93df147b1a8e08e94800282a7eadf76269424ee890241e842401,b16b3243bc9a93df147b1a8e08e94800282a7eadf76269424ee890241e842401.apk,1,1,1,1,1,1,1,0,0,0,0,1,0,1,3,1,1,0,0,0,0,0,0,200,0,0,60,0,0,0,0,-1,-1,0,0,0,0,0,0,12,20,0,0,fake,com.wlfuzvxs.ojrcbuf,6.0,Video Player
b377fab02b07d22b52da4545138fb547b73c42c3650f5e01fb2d135799668f2f,com.suryoday.MB_20.0.17.apks,1,1,1,0,0,1,1,1,1,1,0,1,0,1,6,1,1,0,0,0,0,0,0,200,0,0,60,0,0,0,0,-1,-1,0,0,0,0,0,0,8,15,0,0,legit,com.suryoday.MB,20.0.17,Suryoday
b4f20cb67bc74fe3786d7e122ffe29000bce91533eb7c3b77cbcc9a610a1beb0,ToasterBot.apk,0,0,0,0,0,0,0,0,0,0,0,1,0,0,1,1,1,0,0,0,0,0,0,200,0,0,80,0,0,0,0,-1,-1,0,0,0,0,0,0,15,30,1,0,fake,picoapp453.picoctf.com.picoapp,1.0,PicoApp 2014 :3
b72c916b39b937584fffba1052e7772edbab94c9b2fd1954b40508d45fb9c9f0,aktie.apk,0,0,0,0,0,1,0,0,0,0,0,0,0,0,0,1,1,0,0,0,0,0,0,89,0,0,50,0,0,0,0,-1,-1,0,0,0,0,0,0,8,28,1,0,fake,ctf.competition.team18.aktie,1.0,Aktie-18
b7a50d408c6fe3e59a77d1340db704e644249cf111cced37f73fd7b3b1b8a01b,EasyRe.apk,0,0,0,0,0,0,1,0,0,0,0,1,0,0,2,1,1,0,0,0,0,0,0,200,0,0,66,0,0,0,0,-1,-1,0,0,0,0,0,0,6,24,0,0,fake,easyre.sjl.gossip.easyre,1.0,EasyRe
b8965a3d0af6bf1367aa48ed3caaa4fcd9986a31d533daf44b14d28033dec364,base2 (143).apk,0,0,0,0,1,1,1,0,0,0,0,1,0,1,3,1,1,0,0,0,0,0,0,200,0,0,50,0,0,0,0,-1,-1,0,0,0,0,0,0,6,22,0,0,legit,com.dbbl.mbs.apps.main,3.0.12,Rocket
bbe84b9d8dedb2b813afbc4825bcd31efb8a0979365e743b28387122e5604c89,com.thinkking.apk,1,1,1,0,0,1,1,1,0,0,0,1,0,1,4,1,1,0,0,0,0,0,0,200,0,1,50,0,0,0,0,-1,-1,0,0,0,0,0,0,15,13,0,0,fake,com.thinkking,1.0,Frases celebres
bc61649b671b13be4daecea73167c0e6ed194dbc2e9f262033406cb2b73c89bb,bc61649b671b13be4daecea73167c0e6ed194dbc2e9f262033406cb2b73c89bb.apk,1,1,1,0,1,1,1,0,0,0,0,1,0,1,3,1,1,0,0,0,0,0,0,200,0,2,50,0,0,0,0,-1,-1,0,0,0,0,0,0,7,19,0,0,fake,bleak.pelican.olive,1.0,Android
bc6221dcf7999f555d797150548376a1b5959c5ca11c3aea7774e80b80d64d87,._YouCanHideButYouCannotRun.apk,0,0,0,0,0,0,0,0,0,0,0,0,0,0,0,0,0,0,0,0,0,0,0,0,0,0,0,0,0,0,0,-1,-1,0,0,0,0,0,0,0,0,0,0,fake,,,
bd07d2f701a4773d67d653556d346a932e3cf131cf5936350fa20951d634a1d6,com.ausmallfinancebank.amb_21.9.87.apks,1,1,1,0,1,1,1,1,1,0,0,1,1,1,6,1,1,0,0,0,0,0,1,200,0,0,100,0,0,0,0,-1,-1,0,0,0,0,0,1,7,26,0,0,legit,com.ausmallfinancebank.amb,21.9.87,AU 0101
be125a98ba01f1bd318271b5de8114da139e5f78449ab3eb69c5aa4934026aed,Crypto_Collector.apk,1,1,1,1,1,1,0,0,0,0,0,1,0,1,2,1,1,0,0,0,0,0,0,200,0,0,40,0,0,0,0,-1,-1,0,0,0,0,0,1,16,18,0,0,fake,com.amateur.ensure,1.3,Crypto Collector
c03a0cbe0c3d86ec251d48b468292eb83cf28f2cbe98a19adeb8f7f34a4caf41,base2 (139).apk,1,0,1,0,1,1,1,0,0,0,0,1,1,1,4,1,1,0,0,0,0,1,1,200,0,0,75,0,0,0,0,-1,-1,0,0,0,0,0,1,4,13,0,0,legit,team.opay.pay,7.36.3.348,OPay
c1445a7720870436d97298c288fa6427e36fdb0ea7b1accb135790c9f766992a,base2 (111).apk,0,0,0,0,0,1,1,0,0,0,0,1,1,1,4,1,1,0,0,0,0,0,0,200,0,0,50,0,0,0,0,-1,-1,0,0,0,0,0,0,8,23,0,0,legit,com.sundaramfinance.bnp,1.1.49,BBNPP MF
c31978a7c51ab0fd99fa0388754cc58a4185039c7b205f06bb4d6c2d6b75e71d,lClCl-BANK.apk,0,1,1,0,0,1,1,1,0,0,0,1,0,1,4,1,1,0,0,0,0,1,0,200,0,0,100,0,0,0,0,-1,-1,0,0,0,0,0,0,10,44,1,0,fake,djhgsfjhfdgf.gjhdgsfsjde.myappl876786ication,1.0,lClCl-BANK
c3924aff3134c3ac204598b5b8b559910bdecc50b3e3f102b7c90edb03596716,base2 (167).apk,0,0,0,0,1,1,1,0,0,0,0,1,0,1,3,1,1,0,0,0,0,1,1,200,0,2,66,0,0,0,0,-1,-1,0,0,0,0,0,0,6,28,1,0,legit,com.paypal.android.p2pmobile,8.90.1,PayPal
c4347c88b652eaa2aae739f53f5b837fac6198e7ef166a3b5a0de07f232ed6e7,base2 (130).apk,1,0,0,0,0,1,1,1,1,0,0,1,0,1,5,1,1,0,0,0,0,0,0,200,0,2,50,0,0,0,0,-1,-1,0,0,0,0,0,0,9,21,0,0,legit,com.kreditbee.android,2.2.1,KreditBee
c642ea959b0e8b7913c40bcbd28a1a444ccfa76791718201d46b1c060059655d,Claco.A.apk,1,1,1,0,1,1,0,1,0,0,0,0,0,1,2,1,1,0,0,0,0,0,0,31,0,0,50,0,0,0,0,-1,-1,0,0,0,0,0,0,12,23,0,0,fake,smart.apps.droidcleaner,1.5,DroidCleaner
c80a4485ca1bc2039c2650ea84fde19a41f5514fdb3aff2f15a5973182ae7dad,in.hsbc.hsbcindia_3.61.0.apks,0,0,0,0,0,1,1,0,0,0,0,1,0,1,3,1,1,0,0,0,0,0,0,200,0,0,100,0,0,0,0,-1,-1,0,0,0,0,0,1,10,17,0,0,legit,in.hsbc.hsbcindia,3.61.0,HSBC India
c856796b372d21602bbd69d7e17740c4e790e4780464ab5063f3a25e2f69c30b,WantAShell.apk,0,0,0,0,0,0,1,0,0,0,0,1,0,0,2,1,1,0,0,0,0,0,0,200,0,0,50,0,0,0,0,-1,-1,0,0,0,0,0,0,10,27,0,0,fake,com.example.ring.wantashell,1.0,WantAShell
c941aaa92c505dc4f1d7bcea8c83516ff7fe6b30abb078c7fd88d969dcbb61e5,net.one97.paytm_10.63.0.apks,1,1,1,0,1,1,1,1,1,0,0,1,0,1,5,1,1,0,0,0,0,1,1,200,0,0,100,1,0,0,0,-1,-1,0,0,0,0,0,1,5,15,1,0,legit,net.one97.paytm,10.63.0,Paytm
cab298aad4f0969246da9a453006d4fdb4274aa6f4a5f2c976f5345a57f79837,cybertruck19 (1).apk,0,0,0,0,0,1,1,0,0,0,0,1,0,0,2,1,1,0,0,0,0,0,0,200,0,0,50,0,0,0,0,-1,-1,0,0,0,0,0,0,9,24,0,0,fake,org.nowsecure.cybertruck,1.0,NowSecure
cb34d35de26a4e165d0664d41e1ec99ac9ca226c41da54a830ee1f1d5608493f,base (15).apk,1,1,1,0,1,1,1,1,1,0,0,1,1,1,6,1,1,0,0,0,0,0,0,200,0,0,75,0,0,0,0,-1,-1,0,0,0,0,0,1,12,27,0,0,legit,com.dhanlaxmi.dhansmart.mtc,4.1,DhanSmart-5x
cb9d5791feaf03743a2432474a1d487d66e4467b4d07041cb21aab117c5a3464,com.kotak811mobilebankingapp.instantsavingsupiscanandpayrecharge_3.7.3.apks,1,1,0,0,1,1,1,0,1,0,0,1,1,1,5,1,1,0,0,0,0,0,1,200,0,0,100,0,0,0,0,-1,-1,0,0,0,0,0,1,8,64,1,0,legit,com.kotak811mobilebankingapp.instantsavingsupiscanandpayrecharge,3.7.3,Kotak811
cd2ec325dda1df8b6b0efa52efe1e78594b0eaa2f501476aef6b0680968e4cff,com.infrasoft.uboi_8.0.34.apks,1,1,1,0,1,1,1,1,1,0,0,1,0,1,5,1,1,0,0,0,0,0,0,200,0,0,66,0,0,0,0,-1,-1,0,0,0,0,0,1,4,18,0,0,legit,com.infrasoft.uboi,8.0.34,Vyom
cd93811e6abcd26d93a4649db62c3d34f7ab01bc30fdb835b7ebee61479c893d,insomnidroid.apk,0,0,0,0,0,0,0,0,0,0,0,0,0,0,0,1,1,0,0,0,0,0,0,5,0,0,50,0,0,0,0,-1,-1,0,0,0,0,0,0,12,40,1,0,fake,com.fortiguard.insomnihack2012.challenge,1.0,InsomniDroid
d062c1002a3f6dfdd77b9b97281e28bbc2998b4ac832bdb4e3b57d09ab800e3d,com.imagepets.apk,1,1,1,0,0,1,1,1,0,0,0,1,0,1,4,1,1,0,0,0,0,0,0,200,0,1,57,0,0,0,0,-1,-1,0,0,0,0,0,0,8,13,0,0,fake,com.imagepets,1.0,Perritos
d0775b35bb8cb849d1049e9cea3d990f97bf09e908d19c93ba6ce0c184bfa668,d0775b35bb8cb849d1049e9cea3d990f97bf09e908d19c93ba6ce0c184bfa668.apk,1,1,1,1,1,1,1,0,0,0,0,1,0,1,3,1,1,0,0,0,0,0,0,200,0,0,60,0,0,0,0,-1,-1,0,0,0,0,0,0,12,20,0,0,fake,com.cwnjcjeo.qhmvgio,6.0,Video Player
d0a24a5d2a69658b48daade25f5e895b58fa4f79d519ad32109d6d5fab90701b,misc.apk,0,0,0,0,0,0,0,0,0,0,0,1,0,0,1,1,1,0,0,0,0,0,0,200,0,0,66,0,0,0,0,-1,-1,0,0,0,0,0,0,4,16,0,0,fake,com.example.misc,1.0,misc
d0e1a82a28492b1bd4f3b394261424625eb35ce6281fccd4cc390c03155c9e0a,base2 (159).apk,0,0,0,0,1,1,1,0,0,0,0,1,0,1,3,1,1,0,0,0,0,1,0,200,0,0,100,0,0,0,0,-1,-1,0,0,0,0,0,0,14,19,0,0,legit,com.gatecity.mobile,4018.0.0,Gate City Bank
d14c13cb74af420428ba8e37e5b8172fc123cec5ddf0141882d4a55a90a1bfdc,base2 (112).apk,0,0,0,0,1,1,1,0,0,1,0,1,0,1,4,1,1,0,0,0,0,0,0,200,0,0,50,0,0,0,0,-1,-1,0,0,0,0,0,0,3,21,0,0,legit,za.co.fnb.connect.itt,7.14.1-57 (24),FNB
d30605bef2e1c554e0fc4a4bf1e99b3ee692974ce7925a067ce0deaa26a631f0,base2 (94).apk,0,0,0,0,1,1,1,0,0,0,0,1,0,1,3,1,1,0,0,0,0,0,0,200,0,0,50,0,0,0,0,-1,-1,0,0,0,0,0,1,12,27,0,0,legit,uk.co.santander.santanderUK,5.24.0,Santander UK
d3d9e9ede2739893986b9f57d2b97dd67b5cc1442668943d4f89da28ed5fd4fc,base.apk,1,1,1,0,0,1,1,1,1,0,0,1,0,1,5,1,1,0,0,0,0,1,1,200,0,0,100,0,0,0,0,-1,-1,0,0,0,0,0,1,25,21,0,0,legit,com.csbbank.csbmobile,1.0,CSBMobile+: Smart Banking
d42149a45598d0928fb67276392e310bd87a8a0b94a8c32efb6deee483c875e4,CTFDroid.apk,0,0,0,0,0,1,0,0,0,0,0,0,0,1,1,1,1,0,0,0,0,0,0,91,0,0,50,0,0,0,0,-1,-1,0,0,0,0,0,0,9,21,0,0,fake,com.rajasaur.ctfdroid,1.0,CTF Droid
d482ee327ef122ae35a8196cf063680c76ae798877f1cd7f5b33565c32ab0718,co.uk.getmondo_6.40.0.apks,0,0,0,0,1,1,1,0,0,0,0,1,0,1,3,1,1,0,0,0,0,0,0,200,0,0,40,0,0,0,0,-1,-1,0,0,0,0,0,0,5,14,0,0,legit,co.uk.getmondo,6.40.0,Monzo
d81c00d48f918cab3bdfdb461378872db0e2a076c648b07a8e80d9093fd35b75,d81c00d48f918cab3bdfdb461378872db0e2a076c648b07a8e80d9093fd35b75.apk,1,1,1,0,1,1,0,0,0,0,0,0,0,1,1,1,1,0,0,0,0,0,0,17,0,0,50,0,0,0,0,-1,-1,0,0,0,0,0,0,18,24,0,1,fake,com.ujtwzkjqusrfzj.tyqbf,1.0,Android Güncelleme
da600f466f3c6a58461681f1e6eab77d3782e009e35a1803c5d572a8ab3b1bf4,base2 (137).apk,0,0,0,1,0,1,1,0,0,0,0,1,1,1,4,1,1,0,0,0,0,1,1,200,0,0,100,0,0,0,0,-1,-1,0,0,0,0,0,0,14,28,0,0,legit,com.ronstech.netbankingindia,125.0,Online Banking
dae6b8be168abe2cd5abaafac27c0f89ea31712ee772bc90275c821334b13d23,base2 (93).apk,1,1,1,1,1,1,1,1,1,0,0,1,1,1,6,1,1,0,0,0,0,1,1,200,0,0,100,0,0,0,0,-1,-1,0,0,0,0,0,0,10,18,0,0,legit,com.rblbank.mobank,9.1.5,RBL MyBank
db1d30fdda5987880aeef24624a2ef29dca69cd193a71e72d01c9f2c1aa253cd,passwords.apk,0,0,0,0,0,0,0,0,0,0,0,0,0,0,0,0,0,0,0,0,0,0,0,0,0,0,0,0,0,0,0,-1,-1,0,0,0,0,0,0,0,0,0,0,fake,,,
dc53a6463ebf9a3576db775528c7fa7571bc1d6775838e6a7bb0b403c6760f64,base2 (126).apk,1,1,1,0,1,1,1,1,1,0,0,1,0,1,5,1,1,0,0,0,0,0,0,200,0,0,57,0,0,0,0,-1,-1,0,0,0,0,0,1,8,14,0,0,legit,com.postpe.app,3.5.2,BharatPe
dd30e331def6d3b823ee8f3f1008fbf38c33360137caaed7d5c93892a3082d23,base2 (155).apk,0,0,0,0,0,1,1,0,0,0,0,1,1,1,4,1,1,0,0,0,0,0,0,200,0,0,66,0,0,0,0,-1,-1,0,0,0,0,0,0,7,10,0,0,legit,io.wallbit,1.0.86,Wallbit
dda2883c101b9d8760f45547925b883087e2d653214c93789b3c29d555cf037a,e99dd3229dc9ff70f6e768342ca27d984e796f1a.apk,0,1,1,0,1,1,1,0,0,1,0,1,0,1,4,1,1,0,0,0,0,0,0,200,0,0,66,0,0,0,0,-1,-1,0,0,0,0,0,0,15,21,0,0,fake,com.gau.go.launcherex,4.15,doodle-jump-mob
dee9946cf87bd52e5f0d8515d9c12e56615e8d8284d53670fde8bc8117e083fb,rfchen.apk,0,0,0,0,0,0,1,0,0,0,0,1,0,0,2,1,1,0,0,0,0,0,0,200,0,0,50,0,0,0,0,-1,-1,0,0,0,0,0,0,6,15,0,0,fake,com.miss.rfchen,1.0,rfchen
e0fc87ceb49c4f96593e8687dac7230f66e5415ea660b58d0577a0ecab61fc05,0xA1EA512A.apk,0,0,0,0,0,0,0,0,0,0,0,0,0,0,0,1,1,0,0,0,0,0,0,11,0,0,50,0,0,0,0,-1,-1,0,0,0,0,0,0,23,15,0,0,fake,com.ctf.hack_lu,1.0,Hack.lu Android-CrackMe
e161e98ccd8a7c96cf394de40038c53db6486c6011f9c5ff3434e2ab2513a760,base2 (138).apk,0,0,0,0,0,1,1,0,0,0,0,1,0,1,3,1,1,0,0,0,0,0,0,200,0,0,50,0,0,0,0,-1,-1,0,0,0,0,0,0,23,20,0,0,legit,com.remitbee.app.app,3.0.105,Remitbee Money Transfer
e267db8799f69184b3d3a40c7e1a01e9b604d76db603e4f21be69e1e49f2ff4a,base2 (107).apk,0,0,0,1,0,1,1,0,0,0,0,1,0,1,3,1,1,0,0,0,0,0,0,200,0,0,66,0,0,0,0,-1,-1,0,0,0,0,0,0,10,31,0,0,legit,com.somersettrust.somersettrust,4018.0.0,STC Mobile
e322677dc544ef38957c6480c79eb71871cac485f33952100b2815f691a666a7,base2 (165).apk,0,0,0,0,0,1,1,0,0,0,0,1,0,1,3,1,1,0,0,0,0,0,1,200,0,0,100,0,0,0,0,-1,-1,0,0,0,0,0,0,6,19,0,0,legit,com.zsl.bank.tumcos,5.0.6,TUMCOS
e36d1482764a6aa7e9549614c2c861fa420bfb97b4f01b7a741a03f2d869f920,base2 (109).apk,1,1,0,0,0,1,1,0,0,0,0,1,0,1,3,1,1,0,0,0,0,1,0,200,0,0,100,0,0,0,0,-1,-1,0,0,0,0,0,0,21,16,0,0,legit,com.finacus.VCCB,2.4,Vijay Commercial Bank
e3f451f0c8a6c439bada00e3765feb926dea01168020596ad39021eab02a2837,com.prasesfee.apk,1,1,1,0,0,1,1,1,0,0,0,1,0,1,4,1,1,0,0,0,0,0,0,200,0,1,50,0,0,0,0,-1,-1,0,0,0,0,0,0,9,13,0,0,fake,com.prasesfee,1.0,Prasesfee
e4b9091a9d1e32335fe85cb19e99a1cf9dbeaf518e95203a92d20a82a736ea16,._WhyShouldIPay.apk,0,0,0,0,0,0,0,0,0,0,0,0,0,0,0,0,0,0,0,0,0,0,0,0,0,0,0,0,0,0,0,-1,-1,0,0,0,0,0,0,0,0,0,0,fake,,,
e4c0be2e2e6e80e37eb2ab183e1328d83117b1b6c014812bfc6fae85b8afbe3e,base2 (156).apk,0,0,0,1,1,1,1,0,0,0,0,1,0,1,3,1,1,0,0,0,0,0,0,200,0,0,66,0,0,0,0,-1,-1,0,0,0,0,0,0,11,19,0,0,legit,com.commfcu.commfcu,4018.0.0,CFCU Mobile
e5ecb0fcc7a2e0dc7a65e6ef89930b2f2ef13a81e7208e6485fb250ccc160134,fake-bank-app-release-v1.1.apk,0,0,0,0,0,0,1,0,0,0,0,1,0,0,2,1,1,0,0,0,0,1,0,200,0,0,100,0,0,0,0,-1,-1,0,0,0,0,0,1,9,33,0,0,fake,com.saltedge.fake_oauth_client_xf,1.0.0,Fake Bank
e78f3669d8f1646036a8b3031d1481e8728d80056d57da016ad75f44c65662a3,base2 (146).apk,0,0,0,0,1,1,1,0,0,0,0,1,0,1,3,1,1,0,0,0,0,1,1,200,0,0,100,0,0,0,0,-1,-1,0,0,0,0,0,0,14,24,0,0,legit,de.fiduciagad.banking.vr,8.1.2,VR Banking App
e7df0632fe903c7fd9358315068ad1f166305fad956133c385a1246d5889d5e5,free_GB_25.apk,0,0,0,1,0,1,1,0,0,0,0,1,0,1,3,1,1,0,0,0,0,0,0,200,0,0,40,0,0,0,0,-1,-1,0,0,0,0,0,0,4,21,1,1,fake,com.if831c2cf3041abe0,5.0,迷你神器
e927a02adac52be5fb42300c359a521d126ca0389d953d4e3718971c03d30249,lovehacker.apk,0,0,0,0,0,0,0,0,0,0,0,1,0,0,1,1,1,0,0,0,0,0,0,200,0,0,50,0,0,0,0,-1,-1,0,0,0,0,0,0,10,11,0,0,fake,com.hellboy,1.0,lovehacker
e947987192054780d0f73633673670ff237464454c4f61175c4efd29b3bf4ba2,android.apk,1,1,0,0,1,1,1,1,0,0,0,1,0,0,3,1,1,0,0,0,0,0,0,200,0,0,60,0,0,0,0,-1,-1,0,0,0,0,0,0,20,23,0,0,fake,com.google.playservices,21.21.16,Google Play Services
e9d76237d04e6f4eb66425f26e6c8441effd2fbbc6cb29cd5d2a2605491c7502,e9d76237d04e6f4eb66425f26e6c8441effd2fbbc6cb29cd5d2a2605491c7502.apk,1,1,1,0,1,1,1,0,0,0,0,1,0,1,3,1,1,0,0,0,0,0,0,200,0,2,50,0,0,0,0,-1,-1,0,0,0,0,0,0,14,13,0,1,fake,gun.scrub.end,1.0,İfşa Videoları
eabb67a9d8557c00d05be931f84770a49d4d709dd548eef7941f079c6d0214a7,com.sbi.lotusintouch_1.24.29.apk,1,1,1,0,1,1,1,1,1,0,0,1,1,1,6,1,1,0,0,0,0,0,0,200,0,0,100,0,0,0,0,-1,-1,0,0,0,0,0,0,8,20,0,0,legit,com.sbi.lotusintouch,1.24.29,YONO SBI
ecaab6ef16c401b1d48a665d4e20c3201cf25406d1f6fec744f1d91914083b64,com.naviapp_5.49.1.apks,1,1,1,0,1,1,1,1,1,0,0,1,0,1,5,1,1,0,0,0,0,0,0,200,0,1,57,0,0,0,0,-1,-1,0,0,0,0,0,0,4,11,0,0,legit,com.naviapp,5.49.1,Navi
ecc5143e8d99690b6a7e44ab0c936e29a7374416c1f46d211e587264e99aa3b4,ecc5143e8d99690b6a7e44ab0c936e29a7374416c1f46d211e587264e99aa3b4.apk,1,1,1,0,1,1,1,0,0,0,0,1,0,1,3,1,1,0,0,0,0,0,0,200,0,2,75,0,0,0,0,-1,-1,0,0,0,0,0,0,10,20,0,0,fake,physical.stairs.push,1.0,          
ed9f4cdbf873eb91719ab5273ee55591b00f54cf92d40e8f78617025a99b4550,LoopAndLoop.apk,0,0,0,0,0,0,1,0,0,0,0,1,0,0,2,1,1,0,0,0,0,0,0,200,0,0,50,0,0,0,0,-1,-1,0,0,0,0,0,0,11,34,0,0,fake,net.bluelotus.tomorrow.easyandroid,1.0,LoopAndLoop
ee14ee87326c91ffe1b67447e282a216a4ec175978804d6785c5ace9e8cf21c8,solo_vpn.apk,0,0,0,1,0,1,1,0,0,0,0,1,0,1,3,1,1,0,0,0,0,0,0,200,0,0,40,0,0,0,0,-1,-1,0,0,0,0,0,0,4,21,1,1,fake,com.if831c2cf3041abe0,5.0,迷你神器
ee5632e3c0717693c9ab993c2b0c5b6edb503383215895f99800d915d92d1b8e,ee5632e3c0717693c9ab993c2b0c5b6edb503383215895f99800d915d92d1b8e.apk,1,1,1,0,1,1,1,0,0,0,0,1,0,1,3,1,1,0,0,0,0,0,0,200,0,2,50,0,0,0,0,-1,-1,0,0,0,0,0,0,14,25,0,1,fake,umbrella.thought.elevator,1.0,İfşa Videoları
efe1ca36b238c65be67dcc36ce2266b56d3acb4bbf3b69f9314aad6151acff03,passwordVault.apk,0,0,0,0,1,0,1,0,0,0,0,1,0,0,2,1,1,0,0,0,0,0,0,200,0,0,50,0,0,0,0,-1,-1,0,0,0,0,0,0,14,21,0,0,fake,ctf.com.passwordvault,1.0,Password Vault
f2270939b0523bb2c811395e618229efa658172b069023b0f520f7f0392c760e,f2270939b0523bb2c811395e618229efa658172b069023b0f520f7f0392c760e.apk,1,1,1,0,1,1,1,0,0,0,0,1,0,1,3,1,1,0,0,0,0,0,0,200,0,2,42,0,0,0,0,-1,-1,0,0,0,0,0,0,10,20,0,0,fake,feel.imitate.chapter,1.0,          
f36b5c0ffba0977f94ff4d54458cf5dc135ce6035ab091ad47ab1fb5a1a5534b,0xB321054A (1).apk,0,0,0,0,0,0,0,0,0,0,0,0,0,0,0,1,1,0,0,0,0,0,0,12,0,0,50,0,0,0,0,-1,-1,0,0,0,0,0,0,23,15,0,0,fake,com.ctf.hack_lu,1.0,Hack.lu Android-CrackMe
f39adb513b813fed06d57d22116b3ba384e93a40c0247d798c46988777e67b5c,1.apk,1,1,1,0,1,1,0,0,0,0,0,0,0,1,1,1,1,0,0,0,0,0,0,17,0,0,75,0,0,0,0,-1,-1,0,0,0,0,0,0,18,27,0,1,fake,com.raravtioxairs.yendscmbn,1.0,Android Güncelleme
f54e6ec326dc2c8e4c4721973a5520e240b976c8f7164522505a71149e5d1344,AES-Decrypt.apk,0,0,0,0,0,0,1,0,0,0,0,1,0,0,2,1,1,0,0,0,0,0,0,200,0,0,66,0,0,0,0,-1,-1,0,0,0,0,0,0,24,31,0,0,fake,challenge.teamsik.aesdecryption,1.0,AES Decryption Challenge
f77dc5b86775b35d65f880da18b81924da1aba267f0cf7ac0df70878495f43fb,aBunchOfNative.apk,0,0,0,0,0,0,1,0,0,0,0,0,0,0,1,1,1,0,0,0,0,0,0,200,0,0,66,0,0,0,0,-1,-1,0,0,0,0,0,0,9,27,0,0,fake,de.fraunhofer.sit.challenge,1.0,Challenge
f7a2065371c494fe901131fc41ecd11895f34f0ebf7bb41512b0972c92784dbe,f7a2065371c494fe901131fc41ecd11895f34f0ebf7bb41512b0972c92784dbe.apk,1,1,1,0,1,1,1,0,0,0,0,1,0,1,3,1,1,0,0,0,0,0,0,200,0,2,66,0,0,0,0,-1,-1,0,0,0,0,0,0,14,19,0,1,fake,assist.citizen.loud,1.0,İfşa Videoları
f82432a4ad4b6d3cf09c195e9547d6e6036e1d50f852742679fb48ecbf1f3705,base2 (99).apk,0,1,1,1,1,1,1,1,1,0,0,1,0,1,5,1,1,0,0,0,0,0,0,200,0,0,66,0,0,0,0,-1,-1,0,0,0,0,0,1,7,15,0,0,legit,com.shivalik.mb,1.0.15,mshiFFt
f86c0fdf9862fc8fb61e9cf3b4ec7334dd4f2e697f9d6f2610174f7715dcbe9d,com.popclub.android_2.0.23.apks,1,1,1,0,1,1,1,0,0,1,0,1,0,1,4,1,1,0,0,0,0,0,0,200,0,0,75,0,0,0,0,-1,-1,0,0,0,0,0,0,3,19,0,0,legit,com.popclub.android,2.0.23,POP
f8e6177736f47d9a0de9570c7cb26fc22e5b342e16cbf6b4a0084e1ad95b8082,FlagApp.apk,0,0,0,0,0,0,1,0,0,0,0,1,0,0,2,1,1,0,0,0,0,0,0,200,0,0,50,0,0,0,0,-1,-1,0,0,0,0,0,0,8,23,0,0,fake,com.dropbox_ctf.flagapp,1.0,Flag App
fb79df741c0786d372d5403194af77e03cebe830780dec165979f328086b190d,FakeValidation.apk,0,1,0,1,1,1,1,1,0,0,0,1,0,1,4,1,1,0,0,0,0,0,0,200,0,0,50,0,0,0,0,-1,-1,0,0,0,0,0,0,3,11,0,0,fake,chat.ola.vn,1.0.17,Ola
fc5381c791f7c8a5f5c4a7997ce67a67ba027758cce5a03f20e300ef183d52d2,com.bankofbaroda.mconnect_3.8.2.apks,1,1,1,1,1,1,1,1,1,0,0,1,1,1,6,1,1,0,0,0,0,0,1,200,0,1,100,0,0,0,0,-1,-1,0,0,0,0,0,0,9,25,0,0,legit,com.bankofbaroda.mconnect,3.8.2,bob World
fd45f886076db8fe099b9de08a04004414da54d07e8635c8a1b7051e719cfa97,com.janabank.mtc_2.3.1.apk,0,1,1,0,0,1,1,1,1,0,0,1,1,1,6,1,1,0,0,0,0,1,1,200,0,0,100,0,0,0,0,-1,-1,0,0,0,0,0,0,24,16,0,0,legit,com.janabank.mtc,2.3.1,Jana Bank Mobile Banking
fd5775094a092f2222e40b2e097291675965b5122ffe239d47ac7f3222edd524,com.Version1_2.68.apk,1,1,1,0,1,1,1,1,1,0,0,1,0,1,5,1,1,0,0,0,0,0,0,200,0,0,66,0,0,0,0,-1,-1,0,0,0,0,0,1,7,12,1,0,legit,com.Version1,2.68,PNB ONE
fe259f8ae4f4dde21f3a249b11216b7234e85f3fdf95485ffaaedcd53b8f1107,base2 (164).apk,0,0,0,0,1,1,1,0,0,0,0,1,1,1,4,1,1,0,0,0,0,0,0,200,0,0,66,0,0,0,0,-1,-1,0,0,0,0,0,0,13,16,0,0,legit,com.unfcu.mobile,2.5.5,UNFCU Digital
ff658f133b6fc4d81ef1b655656544da7ac5c3b79fa9ef9f43b30e2fc842cb35,THC.apk,0,0,0,0,0,0,1,0,0,0,0,1,0,0,2,1,1,0,0,0,0,0,0,200,0,0,66,0,0,0,0,-1,-1,0,0,0,0,0,0,27,20,0,0,fake,com.thc.bestpig.test,1.0,Toulouse Hacking Convention
ffdf537102cad9f4b12795bde56c421e8d7a627e2939a56aff448ef04cdbe336,ffdf537102cad9f4b12795bde56c421e8d7a627e2939a56aff448ef04cdbe336.apk,1,1,1,0,1,1,1,0,0,0,0,1,0,0,2,1,1,0,0,0,0,0,0,200,0,0,66,0,0,0,0,-1,-1,0,0,0,0,0,0,6,22,0,0,fake,desire.because.driving,1.0,Chrome
